datetime,count
2011-01-20 00:00:00,14.14
2011-01-20 01:00:00,5.23
2011-01-20 02:00:00,4.41
2011-01-20 03:00:00,3.77
2011-01-20 04:00:00,3.17
2011-01-20 05:00:00,8.07
2011-01-20 06:00:00,34.81
2011-01-20 07:00:00,91.97
2011-01-20 08:00:00,160.95
2011-01-20 09:00:00,111.91
2011-01-20 10:00:00,63.45
2011-01-20 11:00:00,61.19
2011-01-20 12:00:00,85.99
2011-01-20 13:00:00,72.86
2011-01-20 14:00:00,78.4
2011-01-20 15:00:00,82.89
2011-01-20 16:00:00,95.55
2011-01-20 17:00:00,179.55
2011-01-20 18:00:00,157.87
2011-01-20 19:00:00,107.24
2011-01-20 20:00:00,70.62
2011-01-20 21:00:00,51.36
2011-01-20 22:00:00,44.73
2011-01-20 23:00:00,25.38
2011-01-21 00:00:00,17.78
2011-01-21 01:00:00,7.54
2011-01-21 02:00:00,5.22
2011-01-21 03:00:00,2.46
2011-01-21 04:00:00,2.74
2011-01-21 05:00:00,6.19
2011-01-21 06:00:00,33.4
2011-01-21 07:00:00,86.05
2011-01-21 08:00:00,149.17
2011-01-21 09:00:00,109.52
2011-01-21 10:00:00,42.27
2011-01-21 11:00:00,53.04
2011-01-21 12:00:00,62.19
2011-01-21 13:00:00,57.18
2011-01-21 14:00:00,53.82
2011-01-21 15:00:00,55.39
2011-01-21 16:00:00,71.66
2011-01-21 17:00:00,143.22
2011-01-21 18:00:00,139.14
2011-01-21 19:00:00,106.55
2011-01-21 20:00:00,65.98
2011-01-21 21:00:00,47.81
2011-01-21 22:00:00,34.88
2011-01-21 23:00:00,22.11
2011-01-22 00:00:00,24.28
2011-01-22 01:00:00,18.5
2011-01-22 02:00:00,15.35
2011-01-22 03:00:00,12.07
2011-01-22 04:00:00,2.9
2011-01-22 06:00:00,5.0
2011-01-22 07:00:00,27.32
2011-01-22 08:00:00,45.32
2011-01-22 09:00:00,51.77
2011-01-22 10:00:00,64.27
2011-01-22 11:00:00,66.04
2011-01-22 12:00:00,77.88
2011-01-22 13:00:00,79.85
2011-01-22 14:00:00,78.8
2011-01-22 15:00:00,80.1
2011-01-22 16:00:00,83.18
2011-01-22 17:00:00,84.07
2011-01-22 18:00:00,65.41
2011-01-22 19:00:00,56.4
2011-01-22 20:00:00,50.74
2011-01-22 21:00:00,46.37
2011-01-22 22:00:00,33.71
2011-01-22 23:00:00,21.34
2011-01-23 00:00:00,25.35
2011-01-23 01:00:00,20.42
2011-01-23 02:00:00,17.13
2011-01-23 03:00:00,19.5
2011-01-23 05:00:00,3.92
2011-01-23 06:00:00,4.63
2011-01-23 07:00:00,26.44
2011-01-23 08:00:00,42.08
2011-01-23 09:00:00,47.2
2011-01-23 10:00:00,60.63
2011-01-23 11:00:00,63.21
2011-01-23 12:00:00,74.88
2011-01-23 13:00:00,74.93
2011-01-23 14:00:00,79.13
2011-01-23 15:00:00,79.6
2011-01-23 16:00:00,81.43
2011-01-23 17:00:00,83.61
2011-01-23 18:00:00,74.2
2011-01-23 19:00:00,61.64
2011-01-23 20:00:00,48.34
2011-01-23 21:00:00,40.1
2011-01-23 22:00:00,24.87
2011-01-23 23:00:00,19.36
2011-01-24 00:00:00,11.93
2011-01-24 01:00:00,3.68
2011-01-24 03:00:00,2.78
2011-01-24 04:00:00,2.69
2011-01-24 05:00:00,7.78
2011-01-24 06:00:00,30.1
2011-01-24 07:00:00,91.01
2011-01-24 08:00:00,156.35
2011-01-24 09:00:00,111.71
2011-01-24 10:00:00,58.27
2011-01-24 11:00:00,50.91
2011-01-24 12:00:00,52.23
2011-01-24 13:00:00,40.84
2011-01-24 14:00:00,39.35
2011-01-24 15:00:00,48.97
2011-01-24 16:00:00,62.21
2011-01-24 17:00:00,140.21
2011-01-24 18:00:00,132.14
2011-01-24 19:00:00,98.04
2011-01-24 20:00:00,62.09
2011-01-24 21:00:00,46.43
2011-01-24 22:00:00,28.9
2011-01-24 23:00:00,17.86
2011-01-25 00:00:00,9.84
2011-01-25 01:00:00,4.34
2011-01-25 02:00:00,2.58
2011-01-25 04:00:00,2.14
2011-01-25 05:00:00,7.41
2011-01-25 06:00:00,32.78
2011-01-25 07:00:00,76.03
2011-01-25 08:00:00,138.68
2011-01-25 09:00:00,107.29
2011-01-25 10:00:00,54.39
2011-01-25 11:00:00,61.1
2011-01-25 12:00:00,70.81
2011-01-25 13:00:00,70.91
2011-01-25 14:00:00,81.18
2011-01-25 15:00:00,83.2
2011-01-25 16:00:00,96.08
2011-01-25 17:00:00,187.62
2011-01-25 18:00:00,173.74
2011-01-25 19:00:00,109.69
2011-01-25 20:00:00,70.5
2011-01-25 21:00:00,47.01
2011-01-25 22:00:00,38.03
2011-01-25 23:00:00,22.16
2011-01-26 00:00:00,9.91
2011-01-26 01:00:00,4.84
2011-01-26 02:00:00,3.2
2011-01-26 05:00:00,5.63
2011-01-26 06:00:00,25.21
2011-01-26 07:00:00,83.29
2011-01-26 08:00:00,132.11
2011-01-26 09:00:00,85.25
2011-01-26 10:00:00,50.54
2011-01-26 11:00:00,44.21
2011-01-26 12:00:00,45.32
2011-01-26 13:00:00,45.84
2011-01-26 14:00:00,45.0
2011-01-26 15:00:00,48.74
2011-01-26 16:00:00,62.74
2011-01-26 17:00:00,122.47
2011-01-27 16:00:00,75.82
2011-01-27 17:00:00,154.33
2011-01-27 18:00:00,136.56
2011-01-27 19:00:00,103.86
2011-01-27 20:00:00,73.71
2011-01-27 21:00:00,49.76
2011-01-27 22:00:00,39.22
2011-01-27 23:00:00,22.6
2011-01-28 00:00:00,15.82
2011-01-28 01:00:00,7.62
2011-01-28 02:00:00,3.3
2011-01-28 03:00:00,2.35
2011-01-28 05:00:00,7.31
2011-01-28 06:00:00,31.45
2011-01-28 07:00:00,83.9
2011-01-28 08:00:00,151.21
2011-01-28 09:00:00,90.09
2011-01-28 10:00:00,43.13
2011-01-28 11:00:00,49.25
2011-01-28 12:00:00,50.61
2011-01-28 13:00:00,51.17
2011-01-28 14:00:00,54.08
2011-01-28 15:00:00,54.36
2011-01-28 16:00:00,73.17
2011-01-28 17:00:00,153.27
2011-01-28 18:00:00,140.06
2011-01-28 19:00:00,104.24
2011-01-28 20:00:00,71.74
2011-01-28 21:00:00,49.09
2011-01-28 22:00:00,42.86
2011-01-28 23:00:00,27.04
2011-01-29 00:00:00,27.06
2011-01-29 01:00:00,23.16
2011-01-29 02:00:00,17.75
2011-01-29 03:00:00,13.28
2011-01-29 04:00:00,3.75
2011-01-29 06:00:00,5.41
2011-01-29 07:00:00,26.67
2011-01-29 08:00:00,38.91
2011-01-29 09:00:00,54.6
2011-01-29 10:00:00,66.6
2011-01-29 11:00:00,66.49
2011-01-29 12:00:00,76.82
2011-01-29 13:00:00,81.21
2011-01-29 14:00:00,79.81
2011-01-29 15:00:00,81.44
2011-01-29 16:00:00,88.51
2011-01-29 17:00:00,86.89
2011-01-29 18:00:00,73.73
2011-01-29 19:00:00,70.98
2011-01-29 20:00:00,52.83
2011-01-29 21:00:00,45.79
2011-01-29 22:00:00,34.38
2011-01-29 23:00:00,22.0
2011-01-30 00:00:00,28.81
2011-01-30 01:00:00,24.79
2011-01-30 02:00:00,18.99
2011-01-30 03:00:00,19.6
2011-01-30 04:00:00,5.82
2011-01-30 05:00:00,5.31
2011-01-30 07:00:00,33.68
2011-01-30 08:00:00,43.01
2011-01-30 09:00:00,48.35
2011-01-30 10:00:00,64.94
2011-01-30 11:00:00,68.39
2011-01-30 12:00:00,101.23
2011-01-30 13:00:00,86.36
2011-01-30 14:00:00,92.51
2011-01-30 15:00:00,102.94
2011-01-30 16:00:00,100.35
2011-01-30 17:00:00,86.43
2011-01-30 18:00:00,72.69
2011-01-30 19:00:00,61.74
2011-01-30 20:00:00,51.98
2011-01-30 21:00:00,42.88
2011-01-30 22:00:00,28.43
2011-01-30 23:00:00,21.71
2011-01-31 00:00:00,11.92
2011-01-31 01:00:00,3.87
2011-01-31 02:00:00,3.18
2011-01-31 03:00:00,2.74
2011-01-31 04:00:00,2.44
2011-01-31 05:00:00,5.8
2011-01-31 06:00:00,32.36
2011-01-31 07:00:00,74.68
2011-01-31 08:00:00,127.58
2011-01-31 09:00:00,85.2
2011-01-31 10:00:00,37.08
2011-01-31 11:00:00,37.19
2011-01-31 12:00:00,51.33
2011-01-31 13:00:00,58.42
2011-01-31 14:00:00,44.58
2011-01-31 15:00:00,41.71
2011-01-31 16:00:00,63.38
2011-01-31 17:00:00,140.09
2011-01-31 18:00:00,131.69
2011-01-31 19:00:00,126.63
2011-01-31 20:00:00,58.02
2011-01-31 21:00:00,36.53
2011-01-31 22:00:00,30.36
2011-01-31 23:00:00,18.19
2011-02-20 00:00:00,34.48
2011-02-20 01:00:00,28.19
2011-02-20 02:00:00,20.71
2011-02-20 03:00:00,16.22
2011-02-20 04:00:00,2.78
2011-02-20 06:00:00,4.15
2011-02-20 07:00:00,18.02
2011-02-20 08:00:00,31.06
2011-02-20 09:00:00,48.27
2011-02-20 10:00:00,96.83
2011-02-20 11:00:00,114.91
2011-02-20 12:00:00,134.53
2011-02-20 13:00:00,154.7
2011-02-20 14:00:00,143.9
2011-02-20 15:00:00,151.02
2011-02-20 16:00:00,147.54
2011-02-20 17:00:00,115.41
2011-02-20 18:00:00,94.18
2011-02-20 19:00:00,70.24
2011-02-20 20:00:00,79.74
2011-02-20 21:00:00,72.05
2011-02-20 22:00:00,54.94
2011-02-20 23:00:00,39.78
2011-02-21 00:00:00,27.0
2011-02-21 01:00:00,22.37
2011-02-21 02:00:00,8.95
2011-02-21 03:00:00,4.57
2011-02-21 04:00:00,3.78
2011-02-21 05:00:00,9.53
2011-02-21 06:00:00,25.22
2011-02-21 07:00:00,95.74
2011-02-21 08:00:00,166.3
2011-02-21 09:00:00,114.06
2011-02-21 10:00:00,92.83
2011-02-21 11:00:00,98.25
2011-02-21 12:00:00,99.42
2011-02-21 13:00:00,78.74
2011-02-21 14:00:00,102.66
2011-02-21 15:00:00,92.86
2011-02-21 16:00:00,90.17
2011-02-21 17:00:00,111.2
2011-02-21 18:00:00,98.62
2011-02-21 19:00:00,78.64
2011-02-21 20:00:00,56.37
2011-02-21 21:00:00,40.09
2011-02-21 22:00:00,32.56
2011-02-21 23:00:00,19.55
2011-02-22 06:00:00,30.83
2011-02-22 07:00:00,94.74
2011-02-22 08:00:00,205.48
2011-02-22 09:00:00,128.17
2011-02-22 10:00:00,44.67
2011-02-22 11:00:00,48.98
2011-02-22 12:00:00,54.87
2011-02-22 13:00:00,60.49
2011-02-22 14:00:00,59.29
2011-02-22 15:00:00,69.62
2011-02-22 16:00:00,73.99
2011-02-22 17:00:00,153.3
2011-02-22 18:00:00,146.96
2011-02-22 19:00:00,101.0
2011-02-22 20:00:00,81.47
2011-02-22 21:00:00,57.77
2011-02-22 22:00:00,36.76
2011-02-22 23:00:00,20.27
2011-02-23 00:00:00,12.34
2011-02-23 01:00:00,4.61
2011-02-23 02:00:00,2.89
2011-02-23 03:00:00,2.31
2011-02-23 05:00:00,7.64
2011-02-23 06:00:00,32.84
2011-02-23 07:00:00,99.96
2011-02-23 08:00:00,200.45
2011-02-23 09:00:00,125.8
2011-02-23 10:00:00,54.41
2011-02-23 11:00:00,63.0
2011-02-23 12:00:00,73.69
2011-02-23 13:00:00,80.72
2011-02-23 14:00:00,80.36
2011-02-23 15:00:00,81.31
2011-02-23 16:00:00,108.91
2011-02-23 17:00:00,208.89
2011-02-23 18:00:00,201.53
2011-02-23 19:00:00,135.48
2011-02-23 20:00:00,84.54
2011-02-23 21:00:00,64.97
2011-02-23 22:00:00,51.0
2011-02-23 23:00:00,31.22
2011-02-24 00:00:00,14.16
2011-02-24 01:00:00,5.23
2011-02-24 02:00:00,2.98
2011-02-24 03:00:00,2.33
2011-02-24 05:00:00,7.73
2011-02-24 06:00:00,35.76
2011-02-24 07:00:00,103.18
2011-02-24 08:00:00,242.29
2011-02-24 09:00:00,132.74
2011-02-24 10:00:00,65.19
2011-02-24 11:00:00,76.11
2011-02-24 12:00:00,90.63
2011-02-24 13:00:00,90.59
2011-02-24 14:00:00,86.73
2011-02-24 15:00:00,63.32
2011-02-24 16:00:00,82.52
2011-02-24 17:00:00,176.23
2011-02-24 18:00:00,156.01
2011-02-24 19:00:00,98.33
2011-02-24 20:00:00,85.82
2011-02-24 21:00:00,65.21
2011-02-24 22:00:00,44.02
2011-02-24 23:00:00,34.15
2011-02-25 00:00:00,25.15
2011-02-25 01:00:00,11.82
2011-02-25 02:00:00,8.48
2011-02-25 03:00:00,3.6
2011-02-25 05:00:00,9.62
2011-02-25 06:00:00,29.68
2011-02-25 07:00:00,75.46
2011-02-25 08:00:00,183.28
2011-02-25 09:00:00,79.47
2011-02-25 10:00:00,54.97
2011-02-25 11:00:00,125.49
2011-02-25 12:00:00,157.25
2011-02-25 13:00:00,154.94
2011-02-25 14:00:00,160.2
2011-02-25 15:00:00,182.34
2011-02-25 16:00:00,116.12
2011-02-25 17:00:00,177.34
2011-02-25 18:00:00,162.7
2011-02-25 19:00:00,111.63
2011-02-25 20:00:00,74.23
2011-02-25 21:00:00,55.41
2011-02-25 22:00:00,44.96
2011-02-25 23:00:00,33.33
2011-02-26 00:00:00,31.45
2011-02-26 01:00:00,25.7
2011-02-26 02:00:00,18.15
2011-02-26 03:00:00,13.56
2011-02-26 04:00:00,4.03
2011-02-26 05:00:00,2.89
2011-02-26 06:00:00,5.6
2011-02-26 07:00:00,18.16
2011-02-26 08:00:00,43.58
2011-02-26 09:00:00,62.75
2011-02-26 10:00:00,106.43
2011-02-26 11:00:00,129.63
2011-02-26 12:00:00,134.52
2011-02-26 13:00:00,136.91
2011-02-26 14:00:00,133.65
2011-02-26 15:00:00,140.7
2011-02-26 16:00:00,137.64
2011-02-26 17:00:00,111.07
2011-02-26 18:00:00,91.06
2011-02-26 19:00:00,77.06
2011-02-26 20:00:00,79.6
2011-02-26 21:00:00,52.99
2011-02-26 22:00:00,50.17
2011-02-26 23:00:00,38.71
2011-02-27 00:00:00,35.58
2011-02-27 01:00:00,30.89
2011-02-27 02:00:00,26.24
2011-02-27 03:00:00,18.37
2011-02-27 04:00:00,5.71
2011-02-27 06:00:00,5.57
2011-02-27 07:00:00,22.02
2011-02-27 08:00:00,59.34
2011-02-27 09:00:00,70.54
2011-02-27 10:00:00,97.03
2011-02-27 11:00:00,126.89
2011-02-27 12:00:00,157.68
2011-02-27 13:00:00,158.57
2011-02-27 14:00:00,194.13
2011-02-27 15:00:00,233.89
2011-02-27 16:00:00,260.22
2011-02-27 17:00:00,125.01
2011-02-27 18:00:00,108.79
2011-02-27 19:00:00,83.68
2011-02-27 20:00:00,86.84
2011-02-27 21:00:00,82.58
2011-02-27 22:00:00,62.46
2011-02-27 23:00:00,44.07
2011-02-28 00:00:00,18.93
2011-02-28 01:00:00,5.84
2011-02-28 03:00:00,2.96
2011-02-28 05:00:00,11.14
2011-02-28 06:00:00,40.62
2011-02-28 07:00:00,119.02
2011-02-28 08:00:00,229.44
2011-02-28 09:00:00,143.94
2011-02-28 10:00:00,83.44
2011-02-28 11:00:00,105.66
2011-02-28 12:00:00,119.9
2011-02-28 13:00:00,102.95
2011-02-28 14:00:00,87.89
2011-02-28 15:00:00,84.59
2011-02-28 16:00:00,108.28
2011-02-28 17:00:00,153.81
2011-02-28 18:00:00,150.51
2011-02-28 19:00:00,106.59
2011-02-28 20:00:00,96.22
2011-02-28 21:00:00,84.2
2011-02-28 22:00:00,43.03
2011-02-28 23:00:00,27.59
2011-03-20 00:00:00,34.38
2011-03-20 01:00:00,32.32
2011-03-20 02:00:00,25.89
2011-03-20 03:00:00,18.21
2011-03-20 04:00:00,2.48
2011-03-20 05:00:00,2.67
2011-03-20 06:00:00,5.52
2011-03-20 07:00:00,21.7
2011-03-20 08:00:00,49.7
2011-03-20 09:00:00,74.14
2011-03-20 10:00:00,130.32
2011-03-20 11:00:00,133.5
2011-03-20 12:00:00,149.58
2011-03-20 13:00:00,160.28
2011-03-20 14:00:00,156.32
2011-03-20 15:00:00,154.31
2011-03-20 16:00:00,156.45
2011-03-20 17:00:00,139.87
2011-03-20 18:00:00,132.8
2011-03-20 19:00:00,107.08
2011-03-20 20:00:00,83.66
2011-03-20 21:00:00,75.42
2011-03-20 22:00:00,58.87
2011-03-20 23:00:00,40.43
2011-03-21 00:00:00,15.61
2011-03-21 01:00:00,7.84
2011-03-21 02:00:00,6.21
2011-03-21 03:00:00,3.2
2011-03-21 05:00:00,8.01
2011-03-21 06:00:00,45.06
2011-03-21 07:00:00,91.52
2011-03-21 08:00:00,229.84
2011-03-21 09:00:00,145.68
2011-03-21 10:00:00,81.72
2011-03-21 11:00:00,98.57
2011-03-21 12:00:00,106.09
2011-03-21 13:00:00,116.91
2011-03-21 14:00:00,117.17
2011-03-21 15:00:00,142.7
2011-03-21 16:00:00,163.89
2011-03-21 17:00:00,311.7
2011-03-21 18:00:00,308.43
2011-03-21 19:00:00,262.38
2011-03-21 20:00:00,185.66
2011-03-21 21:00:00,89.04
2011-03-21 22:00:00,80.88
2011-03-21 23:00:00,53.24
2011-03-22 00:00:00,25.25
2011-03-22 01:00:00,9.03
2011-03-22 02:00:00,8.22
2011-03-22 03:00:00,5.02
2011-03-22 04:00:00,4.16
2011-03-22 05:00:00,13.54
2011-03-22 06:00:00,45.22
2011-03-22 07:00:00,139.79
2011-03-22 08:00:00,234.09
2011-03-22 09:00:00,140.29
2011-03-22 10:00:00,111.0
2011-03-22 11:00:00,109.67
2011-03-22 12:00:00,140.0
2011-03-22 13:00:00,114.64
2011-03-22 14:00:00,111.67
2011-03-22 15:00:00,116.98
2011-03-22 16:00:00,171.43
2011-03-22 17:00:00,339.51
2011-03-22 18:00:00,312.51
2011-03-22 19:00:00,189.24
2011-03-22 20:00:00,150.23
2011-03-22 21:00:00,104.02
2011-03-22 22:00:00,68.75
2011-03-22 23:00:00,44.29
2011-03-23 00:00:00,17.85
2011-03-23 01:00:00,8.83
2011-03-23 02:00:00,6.23
2011-03-23 03:00:00,3.47
2011-03-23 05:00:00,9.56
2011-03-23 06:00:00,46.26
2011-03-23 07:00:00,110.54
2011-03-23 08:00:00,237.41
2011-03-23 09:00:00,147.64
2011-03-23 10:00:00,73.48
2011-03-23 11:00:00,79.1
2011-03-23 12:00:00,89.68
2011-03-23 13:00:00,80.81
2011-03-23 14:00:00,96.28
2011-03-23 15:00:00,94.77
2011-03-23 16:00:00,139.93
2011-03-23 17:00:00,216.52
2011-03-23 18:00:00,181.05
2011-03-23 19:00:00,125.93
2011-03-23 20:00:00,70.28
2011-03-23 21:00:00,56.8
2011-03-23 22:00:00,53.0
2011-03-23 23:00:00,35.99
2011-03-24 00:00:00,14.5
2011-03-24 01:00:00,6.5
2011-03-24 02:00:00,6.04
2011-03-24 03:00:00,2.96
2011-03-24 04:00:00,2.95
2011-03-24 05:00:00,8.59
2011-03-24 06:00:00,43.17
2011-03-24 07:00:00,84.53
2011-03-24 08:00:00,124.09
2011-03-24 09:00:00,132.5
2011-03-24 10:00:00,69.0
2011-03-24 11:00:00,72.13
2011-03-24 12:00:00,83.62
2011-03-24 13:00:00,97.36
2011-03-24 14:00:00,101.64
2011-03-24 15:00:00,89.19
2011-03-24 16:00:00,122.75
2011-03-24 17:00:00,193.35
2011-03-24 18:00:00,181.02
2011-03-24 19:00:00,120.27
2011-03-24 20:00:00,87.15
2011-03-24 21:00:00,62.78
2011-03-24 22:00:00,54.39
2011-03-24 23:00:00,38.25
2011-03-25 00:00:00,20.44
2011-03-25 01:00:00,8.85
2011-03-25 02:00:00,4.19
2011-03-25 03:00:00,2.87
2011-03-25 04:00:00,2.38
2011-03-25 05:00:00,9.34
2011-03-25 06:00:00,42.71
2011-03-25 07:00:00,107.55
2011-03-25 08:00:00,236.35
2011-03-25 09:00:00,145.8
2011-03-25 10:00:00,84.44
2011-03-25 11:00:00,87.21
2011-03-25 12:00:00,105.05
2011-03-25 13:00:00,109.69
2011-03-25 14:00:00,108.25
2011-03-25 15:00:00,99.31
2011-03-25 16:00:00,137.58
2011-03-25 17:00:00,199.01
2011-03-25 18:00:00,188.88
2011-03-25 19:00:00,122.73
2011-03-25 20:00:00,89.87
2011-03-25 21:00:00,71.28
2011-03-25 22:00:00,51.03
2011-03-25 23:00:00,39.24
2011-03-26 00:00:00,35.05
2011-03-26 01:00:00,29.53
2011-03-26 02:00:00,19.16
2011-03-26 03:00:00,14.35
2011-03-26 04:00:00,4.45
2011-03-26 05:00:00,4.45
2011-03-26 06:00:00,9.56
2011-03-26 07:00:00,38.86
2011-03-26 08:00:00,58.05
2011-03-26 09:00:00,81.11
2011-03-26 10:00:00,110.78
2011-03-26 11:00:00,116.9
2011-03-26 12:00:00,129.78
2011-03-26 13:00:00,147.76
2011-03-26 14:00:00,156.21
2011-03-26 15:00:00,158.4
2011-03-26 16:00:00,150.15
2011-03-26 17:00:00,134.16
2011-03-26 18:00:00,120.23
2011-03-26 19:00:00,85.87
2011-03-26 20:00:00,72.95
2011-03-26 21:00:00,61.74
2011-03-26 22:00:00,50.93
2011-03-26 23:00:00,40.46
2011-03-27 00:00:00,34.78
2011-03-27 01:00:00,26.3
2011-03-27 02:00:00,21.63
2011-03-27 03:00:00,16.54
2011-03-27 04:00:00,4.43
2011-03-27 06:00:00,7.61
2011-03-27 07:00:00,54.87
2011-03-27 08:00:00,50.51
2011-03-27 09:00:00,75.96
2011-03-27 10:00:00,104.97
2011-03-27 11:00:00,109.69
2011-03-27 12:00:00,124.11
2011-03-27 13:00:00,131.7
2011-03-27 14:00:00,150.97
2011-03-27 15:00:00,144.87
2011-03-27 16:00:00,160.79
2011-03-27 17:00:00,138.77
2011-03-27 18:00:00,111.75
2011-03-27 19:00:00,81.61
2011-03-27 20:00:00,61.91
2011-03-27 21:00:00,56.39
2011-03-27 22:00:00,48.47
2011-03-27 23:00:00,41.13
2011-03-28 00:00:00,13.15
2011-03-28 01:00:00,4.76
2011-03-28 02:00:00,4.88
2011-03-28 03:00:00,2.49
2011-03-28 05:00:00,9.04
2011-03-28 06:00:00,42.11
2011-03-28 07:00:00,114.63
2011-03-28 08:00:00,230.41
2011-03-28 09:00:00,145.01
2011-03-28 10:00:00,77.34
2011-03-28 11:00:00,74.47
2011-03-28 12:00:00,83.28
2011-03-28 13:00:00,88.14
2011-03-28 14:00:00,99.78
2011-03-28 15:00:00,99.39
2011-03-28 16:00:00,124.53
2011-03-28 17:00:00,235.06
2011-03-28 18:00:00,226.24
2011-03-28 19:00:00,141.06
2011-03-28 20:00:00,99.24
2011-03-28 21:00:00,78.26
2011-03-28 22:00:00,53.86
2011-03-28 23:00:00,34.19
2011-03-29 00:00:00,16.22
2011-03-29 01:00:00,4.22
2011-03-29 02:00:00,6.0
2011-03-29 03:00:00,2.87
2011-03-29 04:00:00,2.36
2011-03-29 05:00:00,8.1
2011-03-29 06:00:00,42.66
2011-03-29 07:00:00,109.24
2011-03-29 08:00:00,231.89
2011-03-29 09:00:00,143.51
2011-03-29 10:00:00,78.77
2011-03-29 11:00:00,80.72
2011-03-29 12:00:00,97.33
2011-03-29 13:00:00,98.23
2011-03-29 14:00:00,100.04
2011-03-29 15:00:00,102.35
2011-03-29 16:00:00,124.33
2011-03-29 17:00:00,239.65
2011-03-29 18:00:00,237.04
2011-03-29 19:00:00,154.84
2011-03-29 20:00:00,105.96
2011-03-29 21:00:00,86.55
2011-03-29 22:00:00,59.6
2011-03-29 23:00:00,39.84
2011-03-30 00:00:00,20.62
2011-03-30 01:00:00,10.68
2011-03-30 02:00:00,5.76
2011-03-30 03:00:00,3.68
2011-03-30 04:00:00,3.41
2011-03-30 05:00:00,9.53
2011-03-30 06:00:00,50.23
2011-03-30 07:00:00,132.87
2011-03-30 08:00:00,242.45
2011-03-30 09:00:00,155.82
2011-03-30 10:00:00,85.8
2011-03-30 11:00:00,85.52
2011-03-30 12:00:00,99.26
2011-03-30 13:00:00,100.55
2011-03-30 14:00:00,91.16
2011-03-30 15:00:00,62.56
2011-03-30 16:00:00,88.66
2011-03-30 17:00:00,149.29
2011-03-30 18:00:00,140.43
2011-03-30 19:00:00,86.77
2011-03-30 20:00:00,68.29
2011-03-30 21:00:00,64.71
2011-03-30 22:00:00,40.72
2011-03-30 23:00:00,33.96
2011-03-31 00:00:00,9.86
2011-03-31 01:00:00,6.28
2011-03-31 02:00:00,4.49
2011-03-31 03:00:00,2.82
2011-03-31 04:00:00,2.96
2011-03-31 05:00:00,9.38
2011-03-31 06:00:00,33.58
2011-03-31 07:00:00,98.92
2011-03-31 08:00:00,170.23
2011-03-31 09:00:00,94.09
2011-03-31 10:00:00,58.17
2011-03-31 11:00:00,68.29
2011-03-31 12:00:00,74.93
2011-03-31 13:00:00,78.53
2011-03-31 14:00:00,78.44
2011-03-31 15:00:00,61.51
2011-03-31 16:00:00,118.93
2011-03-31 17:00:00,177.53
2011-03-31 18:00:00,165.55
2011-03-31 19:00:00,117.18
2011-03-31 20:00:00,67.56
2011-03-31 21:00:00,66.18
2011-03-31 22:00:00,42.53
2011-03-31 23:00:00,39.12
2011-04-20 00:00:00,26.02
2011-04-20 01:00:00,8.56
2011-04-20 02:00:00,9.0
2011-04-20 03:00:00,4.71
2011-04-20 04:00:00,5.39
2011-04-20 05:00:00,14.08
2011-04-20 06:00:00,46.16
2011-04-20 07:00:00,155.54
2011-04-20 08:00:00,354.68
2011-04-20 09:00:00,165.34
2011-04-20 10:00:00,134.95
2011-04-20 11:00:00,139.66
2011-04-20 12:00:00,150.38
2011-04-20 13:00:00,148.39
2011-04-20 14:00:00,149.07
2011-04-20 15:00:00,144.4
2011-04-20 16:00:00,209.53
2011-04-20 17:00:00,352.19
2011-04-20 18:00:00,355.15
2011-04-20 19:00:00,275.87
2011-04-20 20:00:00,196.02
2011-04-20 21:00:00,136.83
2011-04-20 22:00:00,115.77
2011-04-20 23:00:00,73.89
2011-04-21 00:00:00,35.51
2011-04-21 01:00:00,16.03
2011-04-21 02:00:00,10.8
2011-04-21 03:00:00,5.05
2011-04-21 04:00:00,5.57
2011-04-21 05:00:00,12.22
2011-04-21 06:00:00,52.34
2011-04-21 07:00:00,129.48
2011-04-21 08:00:00,213.52
2011-04-21 09:00:00,157.41
2011-04-21 10:00:00,109.18
2011-04-21 11:00:00,131.86
2011-04-21 12:00:00,150.21
2011-04-21 13:00:00,130.62
2011-04-21 14:00:00,118.43
2011-04-21 15:00:00,119.16
2011-04-21 16:00:00,166.36
2011-04-21 17:00:00,329.27
2011-04-21 18:00:00,308.24
2011-04-21 19:00:00,211.57
2011-04-21 20:00:00,170.98
2011-04-21 21:00:00,113.14
2011-04-21 22:00:00,64.61
2011-04-21 23:00:00,51.96
2011-04-22 00:00:00,35.57
2011-04-22 01:00:00,19.59
2011-04-22 02:00:00,9.85
2011-04-22 03:00:00,4.83
2011-04-22 04:00:00,4.34
2011-04-22 05:00:00,10.87
2011-04-22 06:00:00,55.23
2011-04-22 07:00:00,119.35
2011-04-22 08:00:00,238.14
2011-04-22 09:00:00,112.54
2011-04-22 10:00:00,115.46
2011-04-22 11:00:00,81.49
2011-04-22 12:00:00,92.94
2011-04-22 13:00:00,85.81
2011-04-22 14:00:00,58.58
2011-04-22 15:00:00,85.49
2011-04-22 16:00:00,119.67
2011-04-22 17:00:00,141.97
2011-04-22 18:00:00,104.75
2011-04-22 19:00:00,82.94
2011-04-22 20:00:00,76.16
2011-04-22 21:00:00,57.64
2011-04-22 22:00:00,46.67
2011-04-22 23:00:00,45.64
2011-04-23 00:00:00,34.11
2011-04-23 01:00:00,27.56
2011-04-23 02:00:00,26.06
2011-04-23 03:00:00,17.89
2011-04-23 04:00:00,6.94
2011-04-23 05:00:00,7.49
2011-04-23 06:00:00,11.61
2011-04-23 07:00:00,61.36
2011-04-23 08:00:00,45.22
2011-04-23 09:00:00,65.66
2011-04-23 10:00:00,153.82
2011-04-23 11:00:00,107.21
2011-04-23 12:00:00,140.17
2011-04-23 13:00:00,146.22
2011-04-23 14:00:00,193.28
2011-04-23 15:00:00,230.87
2011-04-23 16:00:00,242.5
2011-04-23 17:00:00,257.01
2011-04-23 18:00:00,225.44
2011-04-23 19:00:00,161.63
2011-04-23 20:00:00,118.36
2011-04-23 21:00:00,113.29
2011-04-23 22:00:00,103.54
2011-04-23 23:00:00,79.42
2011-04-24 00:00:00,43.68
2011-04-24 01:00:00,37.02
2011-04-24 02:00:00,40.31
2011-04-24 03:00:00,29.51
2011-04-24 04:00:00,8.98
2011-04-24 05:00:00,11.63
2011-04-24 06:00:00,40.45
2011-04-24 07:00:00,117.72
2011-04-24 08:00:00,149.88
2011-04-24 09:00:00,171.88
2011-04-24 10:00:00,250.63
2011-04-24 11:00:00,304.63
2011-04-24 12:00:00,325.74
2011-04-24 13:00:00,326.74
2011-04-24 14:00:00,336.81
2011-04-24 15:00:00,335.39
2011-04-24 16:00:00,334.15
2011-04-24 17:00:00,324.28
2011-04-24 18:00:00,293.53
2011-04-24 19:00:00,161.66
2011-04-24 20:00:00,115.81
2011-04-24 21:00:00,77.75
2011-04-24 22:00:00,64.52
2011-04-24 23:00:00,62.35
2011-04-25 00:00:00,28.08
2011-04-25 01:00:00,11.35
2011-04-25 02:00:00,8.53
2011-04-25 03:00:00,4.77
2011-04-25 04:00:00,4.91
2011-04-25 05:00:00,14.25
2011-04-25 06:00:00,53.82
2011-04-25 07:00:00,190.16
2011-04-25 08:00:00,307.18
2011-04-25 09:00:00,154.96
2011-04-25 10:00:00,122.35
2011-04-25 11:00:00,125.54
2011-04-25 12:00:00,133.36
2011-04-25 13:00:00,154.9
2011-04-25 14:00:00,154.3
2011-04-25 15:00:00,156.87
2011-04-25 16:00:00,212.91
2011-04-25 17:00:00,387.79
2011-04-25 18:00:00,375.32
2011-04-25 19:00:00,279.95
2011-04-25 20:00:00,195.71
2011-04-25 21:00:00,148.91
2011-04-25 22:00:00,105.59
2011-04-25 23:00:00,73.1
2011-04-26 00:00:00,32.36
2011-04-26 01:00:00,11.48
2011-04-26 02:00:00,8.54
2011-04-26 03:00:00,5.11
2011-04-26 04:00:00,5.26
2011-04-26 05:00:00,13.41
2011-04-26 06:00:00,50.54
2011-04-26 07:00:00,196.26
2011-04-26 08:00:00,320.53
2011-04-26 09:00:00,144.57
2011-04-26 10:00:00,131.18
2011-04-26 11:00:00,136.05
2011-04-26 12:00:00,147.52
2011-04-26 13:00:00,149.76
2011-04-26 14:00:00,147.98
2011-04-26 15:00:00,146.56
2011-04-26 16:00:00,213.01
2011-04-26 17:00:00,382.64
2011-04-26 18:00:00,362.7
2011-04-26 19:00:00,237.97
2011-04-26 20:00:00,180.15
2011-04-26 21:00:00,141.73
2011-04-26 22:00:00,110.03
2011-04-26 23:00:00,71.91
2011-04-27 00:00:00,29.38
2011-04-27 01:00:00,12.99
2011-04-27 02:00:00,8.89
2011-04-27 03:00:00,5.37
2011-04-27 04:00:00,5.05
2011-04-27 05:00:00,13.5
2011-04-27 06:00:00,49.93
2011-04-27 07:00:00,182.35
2011-04-27 08:00:00,319.54
2011-04-27 09:00:00,134.74
2011-04-27 10:00:00,101.2
2011-04-27 11:00:00,98.13
2011-04-27 12:00:00,110.18
2011-04-27 13:00:00,107.61
2011-04-27 14:00:00,123.06
2011-04-27 15:00:00,144.59
2011-04-27 16:00:00,202.38
2011-04-27 17:00:00,240.41
2011-04-27 18:00:00,233.46
2011-04-27 19:00:00,238.39
2011-04-27 20:00:00,151.63
2011-04-27 21:00:00,119.16
2011-04-27 22:00:00,88.36
2011-04-27 23:00:00,64.51
2011-04-28 00:00:00,36.05
2011-04-28 01:00:00,16.43
2011-04-28 02:00:00,8.76
2011-04-28 03:00:00,5.75
2011-04-28 04:00:00,6.06
2011-04-28 05:00:00,13.48
2011-04-28 06:00:00,56.59
2011-04-28 07:00:00,196.29
2011-04-28 08:00:00,352.54
2011-04-28 09:00:00,130.29
2011-04-28 10:00:00,100.58
2011-04-28 11:00:00,101.89
2011-04-28 12:00:00,113.62
2011-04-28 13:00:00,104.74
2011-04-28 14:00:00,100.2
2011-04-28 15:00:00,143.92
2011-04-28 16:00:00,183.55
2011-04-28 17:00:00,364.58
2011-04-28 18:00:00,355.89
2011-04-28 19:00:00,255.3
2011-04-28 20:00:00,175.3
2011-04-28 21:00:00,130.97
2011-04-28 22:00:00,101.81
2011-04-28 23:00:00,78.08
2011-04-29 00:00:00,46.22
2011-04-29 01:00:00,23.83
2011-04-29 02:00:00,13.98
2011-04-29 03:00:00,5.26
2011-04-29 04:00:00,4.85
2011-04-29 05:00:00,13.48
2011-04-29 06:00:00,52.27
2011-04-29 07:00:00,216.13
2011-04-29 08:00:00,350.74
2011-04-29 09:00:00,189.79
2011-04-29 10:00:00,162.59
2011-04-29 11:00:00,179.76
2011-04-29 12:00:00,201.55
2011-04-29 13:00:00,203.59
2011-04-29 14:00:00,204.72
2011-04-29 15:00:00,196.75
2011-04-29 16:00:00,238.55
2011-04-29 17:00:00,318.09
2011-04-29 18:00:00,322.65
2011-04-29 19:00:00,216.48
2011-04-29 20:00:00,162.03
2011-04-29 21:00:00,112.71
2011-04-29 22:00:00,78.94
2011-04-29 23:00:00,63.78
2011-04-30 00:00:00,37.84
2011-04-30 01:00:00,29.33
2011-04-30 02:00:00,30.61
2011-04-30 03:00:00,17.69
2011-04-30 04:00:00,6.48
2011-04-30 05:00:00,6.26
2011-04-30 06:00:00,16.29
2011-04-30 07:00:00,45.31
2011-04-30 08:00:00,73.0
2011-04-30 09:00:00,174.54
2011-04-30 10:00:00,210.49
2011-04-30 11:00:00,223.94
2011-04-30 12:00:00,261.23
2011-04-30 13:00:00,263.25
2011-04-30 14:00:00,261.82
2011-04-30 15:00:00,269.1
2011-04-30 16:00:00,286.74
2011-04-30 17:00:00,311.09
2011-04-30 18:00:00,288.22
2011-04-30 19:00:00,217.13
2011-04-30 20:00:00,153.97
2011-04-30 21:00:00,106.02
2011-04-30 22:00:00,78.79
2011-04-30 23:00:00,60.8
2011-05-20 00:00:00,34.53
2011-05-20 01:00:00,23.79
2011-05-20 02:00:00,11.63
2011-05-20 03:00:00,5.44
2011-05-20 04:00:00,4.69
2011-05-20 05:00:00,22.27
2011-05-20 06:00:00,93.45
2011-05-20 07:00:00,283.51
2011-05-20 08:00:00,456.73
2011-05-20 09:00:00,215.44
2011-05-20 10:00:00,171.6
2011-05-20 11:00:00,180.63
2011-05-20 12:00:00,225.51
2011-05-20 13:00:00,196.82
2011-05-20 14:00:00,233.32
2011-05-20 15:00:00,230.56
2011-05-20 16:00:00,353.22
2011-05-20 17:00:00,466.96
2011-05-20 18:00:00,461.27
2011-05-20 19:00:00,296.53
2011-05-20 20:00:00,222.12
2011-05-20 21:00:00,176.92
2011-05-20 22:00:00,128.74
2011-05-20 23:00:00,102.91
2011-05-21 00:00:00,95.09
2011-05-21 01:00:00,75.96
2011-05-21 02:00:00,62.44
2011-05-21 03:00:00,29.54
2011-05-21 04:00:00,8.05
2011-05-21 05:00:00,9.63
2011-05-21 06:00:00,30.5
2011-05-21 07:00:00,54.52
2011-05-21 08:00:00,119.33
2011-05-21 09:00:00,200.92
2011-05-21 10:00:00,302.99
2011-05-21 11:00:00,382.53
2011-05-21 12:00:00,393.3
2011-05-21 13:00:00,393.7
2011-05-21 14:00:00,379.82
2011-05-21 15:00:00,396.21
2011-05-21 16:00:00,404.25
2011-05-21 17:00:00,377.65
2011-05-21 18:00:00,349.92
2011-05-21 19:00:00,336.9
2011-05-21 20:00:00,226.07
2011-05-21 21:00:00,187.13
2011-05-21 22:00:00,147.48
2011-05-21 23:00:00,112.68
2011-05-22 00:00:00,100.98
2011-05-22 01:00:00,77.68
2011-05-22 02:00:00,70.68
2011-05-22 03:00:00,32.37
2011-05-22 04:00:00,10.91
2011-05-22 05:00:00,13.2
2011-05-22 06:00:00,19.63
2011-05-22 07:00:00,51.49
2011-05-22 08:00:00,88.54
2011-05-22 09:00:00,186.96
2011-05-22 10:00:00,288.76
2011-05-22 11:00:00,370.68
2011-05-22 12:00:00,385.05
2011-05-22 13:00:00,397.33
2011-05-22 14:00:00,316.49
2011-05-22 15:00:00,398.85
2011-05-22 16:00:00,396.99
2011-05-22 17:00:00,367.89
2011-05-22 18:00:00,339.89
2011-05-22 19:00:00,300.51
2011-05-22 20:00:00,236.2
2011-05-22 21:00:00,169.44
2011-05-22 22:00:00,126.11
2011-05-22 23:00:00,74.98
2011-05-23 00:00:00,28.62
2011-05-23 01:00:00,13.29
2011-05-23 02:00:00,8.66
2011-05-23 03:00:00,5.04
2011-05-23 04:00:00,5.54
2011-05-23 05:00:00,18.76
2011-05-23 06:00:00,89.8
2011-05-23 07:00:00,281.19
2011-05-23 08:00:00,388.08
2011-05-23 09:00:00,203.77
2011-05-23 10:00:00,124.05
2011-05-23 11:00:00,150.72
2011-05-23 12:00:00,190.35
2011-05-23 13:00:00,186.12
2011-05-23 14:00:00,175.61
2011-05-23 15:00:00,177.38
2011-05-23 16:00:00,284.13
2011-05-23 17:00:00,422.93
2011-05-23 18:00:00,469.06
2011-05-23 19:00:00,332.31
2011-05-23 20:00:00,236.62
2011-05-23 21:00:00,124.07
2011-05-23 22:00:00,112.67
2011-05-23 23:00:00,61.29
2011-05-24 00:00:00,26.51
2011-05-24 01:00:00,11.6
2011-05-24 02:00:00,9.14
2011-05-24 03:00:00,4.79
2011-05-24 04:00:00,5.44
2011-05-24 05:00:00,19.24
2011-05-24 06:00:00,102.5
2011-05-24 07:00:00,172.28
2011-05-24 08:00:00,256.36
2011-05-24 09:00:00,202.27
2011-05-24 10:00:00,122.9
2011-05-24 11:00:00,145.02
2011-05-24 12:00:00,185.75
2011-05-24 13:00:00,186.85
2011-05-24 14:00:00,166.24
2011-05-24 15:00:00,179.58
2011-05-24 16:00:00,289.14
2011-05-24 17:00:00,465.57
2011-05-24 18:00:00,487.27
2011-05-24 19:00:00,319.11
2011-05-24 20:00:00,267.37
2011-05-24 21:00:00,203.08
2011-05-24 22:00:00,88.37
2011-05-24 23:00:00,77.88
2011-05-25 00:00:00,26.09
2011-05-25 01:00:00,13.97
2011-05-25 02:00:00,9.58
2011-05-25 03:00:00,5.39
2011-05-25 04:00:00,5.6
2011-05-25 05:00:00,22.01
2011-05-25 06:00:00,104.36
2011-05-25 07:00:00,302.48
2011-05-25 08:00:00,447.74
2011-05-25 09:00:00,203.54
2011-05-25 10:00:00,128.55
2011-05-25 11:00:00,147.26
2011-05-25 12:00:00,185.43
2011-05-25 13:00:00,181.54
2011-05-25 14:00:00,180.22
2011-05-25 15:00:00,171.12
2011-05-25 16:00:00,292.48
2011-05-25 17:00:00,535.76
2011-05-25 18:00:00,478.3
2011-05-25 19:00:00,380.31
2011-05-25 20:00:00,293.22
2011-05-25 21:00:00,210.8
2011-05-25 22:00:00,150.02
2011-05-25 23:00:00,88.28
2011-05-26 00:00:00,44.9
2011-05-26 01:00:00,20.15
2011-05-26 02:00:00,11.57
2011-05-26 03:00:00,5.41
2011-05-26 04:00:00,5.77
2011-05-26 05:00:00,22.3
2011-05-26 06:00:00,90.82
2011-05-26 07:00:00,280.15
2011-05-26 08:00:00,438.49
2011-05-26 09:00:00,208.15
2011-05-26 10:00:00,125.84
2011-05-26 11:00:00,145.26
2011-05-26 12:00:00,186.76
2011-05-26 13:00:00,168.1
2011-05-26 14:00:00,160.51
2011-05-26 15:00:00,165.73
2011-05-26 16:00:00,288.44
2011-05-26 17:00:00,513.59
2011-05-26 18:00:00,469.12
2011-05-26 19:00:00,371.45
2011-05-26 20:00:00,289.0
2011-05-26 21:00:00,200.59
2011-05-26 22:00:00,161.35
2011-05-26 23:00:00,127.28
2011-05-27 00:00:00,58.44
2011-05-27 01:00:00,27.23
2011-05-27 02:00:00,16.93
2011-05-27 03:00:00,6.41
2011-05-27 04:00:00,6.37
2011-05-27 05:00:00,24.33
2011-05-27 06:00:00,99.41
2011-05-27 07:00:00,289.1
2011-05-27 08:00:00,461.06
2011-05-27 09:00:00,219.05
2011-05-27 10:00:00,167.63
2011-05-27 11:00:00,171.25
2011-05-27 12:00:00,211.15
2011-05-27 13:00:00,225.07
2011-05-27 14:00:00,221.72
2011-05-27 15:00:00,223.7
2011-05-27 16:00:00,344.62
2011-05-27 17:00:00,525.51
2011-05-27 18:00:00,412.92
2011-05-27 19:00:00,274.89
2011-05-27 20:00:00,215.35
2011-05-27 21:00:00,155.21
2011-05-27 22:00:00,142.0
2011-05-27 23:00:00,111.87
2011-05-28 00:00:00,103.61
2011-05-28 01:00:00,84.1
2011-05-28 02:00:00,59.83
2011-05-28 03:00:00,29.13
2011-05-28 04:00:00,8.37
2011-05-28 05:00:00,11.26
2011-05-28 06:00:00,35.07
2011-05-28 07:00:00,52.66
2011-05-28 08:00:00,117.06
2011-05-28 09:00:00,205.53
2011-05-28 10:00:00,287.12
2011-05-28 11:00:00,376.7
2011-05-28 12:00:00,389.59
2011-05-28 13:00:00,398.5
2011-05-28 14:00:00,385.36
2011-05-28 15:00:00,402.05
2011-05-28 16:00:00,401.66
2011-05-28 17:00:00,404.75
2011-05-28 18:00:00,335.68
2011-05-28 19:00:00,296.4
2011-05-28 20:00:00,267.8
2011-05-28 21:00:00,190.99
2011-05-28 22:00:00,163.78
2011-05-28 23:00:00,133.23
2011-05-29 00:00:00,106.06
2011-05-29 01:00:00,87.07
2011-05-29 02:00:00,69.93
2011-05-29 03:00:00,29.97
2011-05-29 04:00:00,9.34
2011-05-29 05:00:00,12.36
2011-05-29 06:00:00,22.26
2011-05-29 07:00:00,48.18
2011-05-29 08:00:00,87.88
2011-05-29 09:00:00,141.79
2011-05-29 10:00:00,231.04
2011-05-29 11:00:00,295.6
2011-05-29 12:00:00,336.3
2011-05-29 13:00:00,386.02
2011-05-29 14:00:00,372.83
2011-05-29 15:00:00,371.99
2011-05-29 16:00:00,351.91
2011-05-29 17:00:00,356.91
2011-05-29 18:00:00,263.56
2011-05-29 19:00:00,252.84
2011-05-29 20:00:00,222.32
2011-05-29 21:00:00,167.24
2011-05-29 22:00:00,120.86
2011-05-29 23:00:00,107.68
2011-05-30 00:00:00,90.24
2011-05-30 01:00:00,83.83
2011-05-30 02:00:00,40.36
2011-05-30 03:00:00,18.18
2011-05-30 04:00:00,11.97
2011-05-30 05:00:00,12.17
2011-05-30 06:00:00,44.31
2011-05-30 07:00:00,83.18
2011-05-30 08:00:00,153.31
2011-05-30 09:00:00,204.71
2011-05-30 10:00:00,284.13
2011-05-30 11:00:00,365.18
2011-05-30 12:00:00,359.22
2011-05-30 13:00:00,357.09
2011-05-30 14:00:00,353.26
2011-05-30 15:00:00,353.82
2011-05-30 16:00:00,284.01
2011-05-30 17:00:00,443.09
2011-05-30 18:00:00,433.69
2011-05-30 19:00:00,315.26
2011-05-30 20:00:00,286.99
2011-05-30 21:00:00,345.44
2011-05-30 22:00:00,207.93
2011-05-30 23:00:00,100.4
2011-05-31 00:00:00,39.59
2011-05-31 01:00:00,18.7
2011-05-31 02:00:00,10.49
2011-05-31 03:00:00,4.39
2011-05-31 04:00:00,5.96
2011-05-31 05:00:00,21.52
2011-05-31 06:00:00,108.03
2011-05-31 07:00:00,298.17
2011-05-31 08:00:00,452.83
2011-05-31 09:00:00,200.73
2011-05-31 10:00:00,125.94
2011-05-31 11:00:00,134.06
2011-05-31 12:00:00,154.6
2011-05-31 13:00:00,153.03
2011-05-31 14:00:00,152.52
2011-05-31 15:00:00,150.36
2011-05-31 16:00:00,225.03
2011-05-31 17:00:00,512.41
2011-05-31 18:00:00,490.59
2011-05-31 19:00:00,369.13
2011-05-31 20:00:00,280.27
2011-05-31 21:00:00,217.24
2011-05-31 22:00:00,148.27
2011-05-31 23:00:00,74.11
2011-06-20 00:00:00,34.86
2011-06-20 01:00:00,16.24
2011-06-20 02:00:00,9.62
2011-06-20 03:00:00,4.3
2011-06-20 04:00:00,5.05
2011-06-20 05:00:00,20.9
2011-06-20 06:00:00,95.48
2011-06-20 07:00:00,162.5
2011-06-20 08:00:00,247.6
2011-06-20 09:00:00,208.8
2011-06-20 10:00:00,116.27
2011-06-20 11:00:00,129.72
2011-06-20 12:00:00,180.82
2011-06-20 13:00:00,181.29
2011-06-20 14:00:00,183.87
2011-06-20 15:00:00,186.01
2011-06-20 16:00:00,299.98
2011-06-20 17:00:00,517.49
2011-06-20 18:00:00,512.22
2011-06-20 19:00:00,369.11
2011-06-20 20:00:00,286.27
2011-06-20 21:00:00,201.07
2011-06-20 22:00:00,130.41
2011-06-20 23:00:00,85.45
2011-06-21 00:00:00,34.64
2011-06-21 01:00:00,11.94
2011-06-21 02:00:00,9.37
2011-06-21 03:00:00,5.21
2011-06-21 04:00:00,5.63
2011-06-21 05:00:00,21.62
2011-06-21 06:00:00,112.59
2011-06-21 07:00:00,300.89
2011-06-21 08:00:00,435.8
2011-06-21 09:00:00,203.2
2011-06-21 10:00:00,112.46
2011-06-21 11:00:00,123.06
2011-06-21 12:00:00,168.75
2011-06-21 13:00:00,172.43
2011-06-21 14:00:00,169.71
2011-06-21 15:00:00,170.72
2011-06-21 16:00:00,283.74
2011-06-21 17:00:00,544.84
2011-06-21 18:00:00,478.24
2011-06-21 19:00:00,315.53
2011-06-21 20:00:00,225.46
2011-06-21 21:00:00,219.37
2011-06-21 22:00:00,159.43
2011-06-21 23:00:00,78.72
2011-06-22 00:00:00,37.45
2011-06-22 01:00:00,19.02
2011-06-22 02:00:00,9.11
2011-06-22 03:00:00,5.5
2011-06-22 04:00:00,5.67
2011-06-22 05:00:00,22.46
2011-06-22 06:00:00,109.54
2011-06-22 07:00:00,303.28
2011-06-22 08:00:00,436.69
2011-06-22 09:00:00,200.85
2011-06-22 10:00:00,127.16
2011-06-22 11:00:00,143.77
2011-06-22 12:00:00,168.71
2011-06-22 13:00:00,156.8
2011-06-22 14:00:00,157.39
2011-06-22 15:00:00,156.87
2011-06-22 16:00:00,260.02
2011-06-22 17:00:00,515.72
2011-06-22 18:00:00,494.3
2011-06-22 19:00:00,363.08
2011-06-22 20:00:00,275.54
2011-06-22 21:00:00,214.89
2011-06-22 22:00:00,164.02
2011-06-22 23:00:00,94.07
2011-06-23 00:00:00,47.18
2011-06-23 01:00:00,22.16
2011-06-23 02:00:00,11.09
2011-06-23 03:00:00,5.48
2011-06-23 04:00:00,6.38
2011-06-23 05:00:00,24.16
2011-06-23 06:00:00,119.3
2011-06-23 07:00:00,309.02
2011-06-23 08:00:00,421.94
2011-06-23 09:00:00,204.18
2011-06-23 10:00:00,124.61
2011-06-23 11:00:00,161.67
2011-06-23 12:00:00,176.56
2011-06-23 13:00:00,173.19
2011-06-23 14:00:00,169.03
2011-06-23 15:00:00,167.92
2011-06-23 16:00:00,283.4
2011-06-23 17:00:00,503.92
2011-06-23 18:00:00,489.92
2011-06-23 19:00:00,352.6
2011-06-23 20:00:00,286.48
2011-06-23 21:00:00,219.57
2011-06-23 22:00:00,162.06
2011-06-23 23:00:00,127.54
2011-06-24 00:00:00,52.15
2011-06-24 01:00:00,24.68
2011-06-24 02:00:00,11.29
2011-06-24 03:00:00,6.62
2011-06-24 04:00:00,6.64
2011-06-24 05:00:00,24.73
2011-06-24 06:00:00,97.87
2011-06-24 07:00:00,287.96
2011-06-24 08:00:00,449.72
2011-06-24 09:00:00,219.24
2011-06-24 10:00:00,161.14
2011-06-24 11:00:00,168.33
2011-06-24 12:00:00,211.85
2011-06-24 13:00:00,216.72
2011-06-24 14:00:00,222.37
2011-06-24 15:00:00,201.59
2011-06-24 16:00:00,341.69
2011-06-24 17:00:00,564.16
2011-06-24 18:00:00,509.34
2011-06-24 19:00:00,382.35
2011-06-24 20:00:00,302.47
2011-06-24 21:00:00,220.58
2011-06-24 22:00:00,195.49
2011-06-24 23:00:00,146.27
2011-06-25 00:00:00,116.57
2011-06-25 01:00:00,81.8
2011-06-25 02:00:00,69.44
2011-06-25 03:00:00,33.5
2011-06-25 04:00:00,10.99
2011-06-25 05:00:00,11.71
2011-06-25 06:00:00,36.88
2011-06-25 07:00:00,66.54
2011-06-25 08:00:00,125.42
2011-06-25 09:00:00,213.07
2011-06-25 10:00:00,304.76
2011-06-25 11:00:00,385.74
2011-06-25 12:00:00,404.42
2011-06-25 13:00:00,397.3
2011-06-25 14:00:00,405.65
2011-06-25 15:00:00,393.21
2011-06-25 16:00:00,402.84
2011-06-25 17:00:00,413.42
2011-06-25 18:00:00,373.46
2011-06-25 19:00:00,353.87
2011-06-25 20:00:00,281.51
2011-06-25 21:00:00,211.35
2011-06-25 22:00:00,198.94
2011-06-25 23:00:00,134.11
2011-06-26 00:00:00,104.7
2011-06-26 01:00:00,86.3
2011-06-26 02:00:00,75.9
2011-06-26 03:00:00,33.66
2011-06-26 04:00:00,13.12
2011-06-26 05:00:00,14.71
2011-06-26 06:00:00,31.05
2011-06-26 07:00:00,59.63
2011-06-26 08:00:00,93.71
2011-06-26 09:00:00,197.97
2011-06-26 10:00:00,306.29
2011-06-26 11:00:00,385.69
2011-06-26 12:00:00,400.12
2011-06-26 13:00:00,388.18
2011-06-26 14:00:00,387.48
2011-06-26 15:00:00,391.63
2011-06-26 16:00:00,380.95
2011-06-26 17:00:00,381.34
2011-06-26 18:00:00,356.0
2011-06-26 19:00:00,335.89
2011-06-26 20:00:00,239.71
2011-06-26 21:00:00,195.09
2011-06-26 22:00:00,191.68
2011-06-26 23:00:00,116.22
2011-06-27 00:00:00,36.75
2011-06-27 01:00:00,12.4
2011-06-27 02:00:00,10.04
2011-06-27 03:00:00,4.95
2011-06-27 04:00:00,5.5
2011-06-27 05:00:00,22.48
2011-06-27 06:00:00,105.56
2011-06-27 07:00:00,303.33
2011-06-27 08:00:00,388.97
2011-06-27 09:00:00,210.83
2011-06-27 10:00:00,120.47
2011-06-27 11:00:00,155.59
2011-06-27 12:00:00,181.95
2011-06-27 13:00:00,176.32
2011-06-27 14:00:00,175.07
2011-06-27 15:00:00,174.91
2011-06-27 16:00:00,290.09
2011-06-27 17:00:00,572.47
2011-06-27 18:00:00,496.96
2011-06-27 19:00:00,374.7
2011-06-27 20:00:00,290.92
2011-06-27 21:00:00,185.7
2011-06-27 22:00:00,136.55
2011-06-27 23:00:00,77.87
2011-06-28 00:00:00,35.23
2011-06-28 01:00:00,19.36
2011-06-28 02:00:00,10.92
2011-06-28 03:00:00,5.24
2011-06-28 04:00:00,5.58
2011-06-28 05:00:00,22.63
2011-06-28 06:00:00,107.57
2011-06-28 07:00:00,301.41
2011-06-28 08:00:00,433.43
2011-06-28 09:00:00,207.35
2011-06-28 10:00:00,118.38
2011-06-28 11:00:00,145.61
2011-06-28 12:00:00,166.15
2011-06-28 13:00:00,177.19
2011-06-28 14:00:00,154.3
2011-06-28 15:00:00,159.39
2011-06-28 16:00:00,247.42
2011-06-28 17:00:00,402.49
2011-06-28 18:00:00,398.12
2011-06-28 19:00:00,359.51
2011-06-28 20:00:00,287.49
2011-06-28 21:00:00,209.98
2011-06-28 22:00:00,153.45
2011-06-28 23:00:00,89.96
2011-06-29 00:00:00,36.84
2011-06-29 01:00:00,20.4
2011-06-29 02:00:00,9.79
2011-06-29 03:00:00,5.32
2011-06-29 04:00:00,5.8
2011-06-29 05:00:00,25.08
2011-06-29 06:00:00,109.51
2011-06-29 07:00:00,302.31
2011-06-29 08:00:00,466.49
2011-06-29 09:00:00,211.94
2011-06-29 10:00:00,121.7
2011-06-29 11:00:00,157.28
2011-06-29 12:00:00,194.4
2011-06-29 13:00:00,186.1
2011-06-29 14:00:00,169.81
2011-06-29 15:00:00,173.58
2011-06-29 16:00:00,306.47
2011-06-29 17:00:00,565.89
2011-06-29 18:00:00,555.14
2011-06-29 19:00:00,376.78
2011-06-29 20:00:00,298.18
2011-06-29 21:00:00,216.98
2011-06-29 22:00:00,179.49
2011-06-29 23:00:00,98.64
2011-06-30 00:00:00,48.58
2011-06-30 01:00:00,20.48
2011-06-30 02:00:00,9.4
2011-06-30 03:00:00,5.96
2011-06-30 04:00:00,6.09
2011-06-30 05:00:00,25.56
2011-06-30 06:00:00,109.65
2011-06-30 07:00:00,309.26
2011-06-30 08:00:00,464.34
2011-06-30 09:00:00,207.97
2011-06-30 10:00:00,123.54
2011-06-30 11:00:00,147.78
2011-06-30 12:00:00,196.11
2011-06-30 13:00:00,188.09
2011-06-30 14:00:00,175.67
2011-06-30 15:00:00,178.57
2011-06-30 16:00:00,302.78
2011-06-30 17:00:00,583.18
2011-06-30 18:00:00,559.05
2011-06-30 19:00:00,381.98
2011-06-30 20:00:00,302.09
2011-06-30 21:00:00,213.8
2011-06-30 22:00:00,180.07
2011-06-30 23:00:00,132.46
2011-07-20 00:00:00,39.48
2011-07-20 01:00:00,18.32
2011-07-20 02:00:00,8.88
2011-07-20 03:00:00,5.65
2011-07-20 04:00:00,6.15
2011-07-20 05:00:00,25.95
2011-07-20 06:00:00,120.57
2011-07-20 07:00:00,306.63
2011-07-20 08:00:00,443.65
2011-07-20 09:00:00,204.03
2011-07-20 10:00:00,123.57
2011-07-20 11:00:00,133.29
2011-07-20 12:00:00,158.86
2011-07-20 13:00:00,154.8
2011-07-20 14:00:00,153.85
2011-07-20 15:00:00,155.07
2011-07-20 16:00:00,244.96
2011-07-20 17:00:00,494.11
2011-07-20 18:00:00,498.87
2011-07-20 19:00:00,356.91
2011-07-20 20:00:00,278.61
2011-07-20 21:00:00,217.37
2011-07-20 22:00:00,155.99
2011-07-20 23:00:00,108.1
2011-07-21 00:00:00,47.31
2011-07-21 01:00:00,19.74
2011-07-21 02:00:00,9.46
2011-07-21 03:00:00,5.36
2011-07-21 04:00:00,6.04
2011-07-21 05:00:00,22.03
2011-07-21 06:00:00,119.5
2011-07-21 07:00:00,310.24
2011-07-21 08:00:00,436.59
2011-07-21 09:00:00,204.91
2011-07-21 10:00:00,124.14
2011-07-21 11:00:00,129.68
2011-07-21 12:00:00,146.98
2011-07-21 13:00:00,144.16
2011-07-21 14:00:00,138.89
2011-07-21 15:00:00,143.46
2011-07-21 16:00:00,233.6
2011-07-21 17:00:00,466.24
2011-07-21 18:00:00,461.74
2011-07-21 19:00:00,366.57
2011-07-21 20:00:00,281.28
2011-07-21 21:00:00,217.75
2011-07-21 22:00:00,161.43
2011-07-21 23:00:00,130.69
2011-07-22 00:00:00,58.11
2011-07-22 01:00:00,30.33
2011-07-22 02:00:00,17.12
2011-07-22 03:00:00,6.42
2011-07-22 04:00:00,7.04
2011-07-22 05:00:00,23.73
2011-07-22 06:00:00,103.72
2011-07-22 07:00:00,286.81
2011-07-22 08:00:00,464.29
2011-07-22 09:00:00,217.14
2011-07-22 10:00:00,163.62
2011-07-22 11:00:00,169.91
2011-07-22 12:00:00,214.2
2011-07-22 13:00:00,216.74
2011-07-22 14:00:00,206.63
2011-07-22 15:00:00,202.54
2011-07-22 16:00:00,298.18
2011-07-22 17:00:00,460.8
2011-07-22 18:00:00,475.9
2011-07-22 19:00:00,373.19
2011-07-22 20:00:00,281.82
2011-07-22 21:00:00,208.37
2011-07-22 22:00:00,195.11
2011-07-22 23:00:00,143.6
2011-07-23 00:00:00,114.81
2011-07-23 01:00:00,82.87
2011-07-23 02:00:00,69.65
2011-07-23 03:00:00,30.85
2011-07-23 04:00:00,14.23
2011-07-23 05:00:00,14.28
2011-07-23 06:00:00,38.0
2011-07-23 07:00:00,69.4
2011-07-23 08:00:00,131.94
2011-07-23 09:00:00,209.53
2011-07-23 10:00:00,290.56
2011-07-23 11:00:00,348.94
2011-07-23 12:00:00,359.15
2011-07-23 13:00:00,351.59
2011-07-23 14:00:00,349.17
2011-07-23 15:00:00,350.3
2011-07-23 16:00:00,370.11
2011-07-23 17:00:00,406.54
2011-07-23 18:00:00,397.58
2011-07-23 19:00:00,341.11
2011-07-23 20:00:00,281.37
2011-07-23 21:00:00,224.2
2011-07-23 22:00:00,193.49
2011-07-23 23:00:00,142.42
2011-07-24 00:00:00,121.15
2011-07-24 01:00:00,84.17
2011-07-24 02:00:00,81.51
2011-07-24 03:00:00,34.31
2011-07-24 04:00:00,14.05
2011-07-24 05:00:00,14.9
2011-07-24 06:00:00,30.6
2011-07-24 07:00:00,64.43
2011-07-24 08:00:00,99.73
2011-07-24 09:00:00,190.51
2011-07-24 10:00:00,291.57
2011-07-24 11:00:00,349.65
2011-07-24 12:00:00,351.78
2011-07-24 13:00:00,357.86
2011-07-24 14:00:00,350.8
2011-07-24 15:00:00,339.67
2011-07-24 16:00:00,352.97
2011-07-24 17:00:00,392.1
2011-07-24 18:00:00,387.5
2011-07-24 19:00:00,365.33
2011-07-24 20:00:00,272.17
2011-07-24 21:00:00,206.41
2011-07-24 22:00:00,155.36
2011-07-24 23:00:00,106.48
2011-07-25 00:00:00,42.4
2011-07-25 01:00:00,16.51
2011-07-25 02:00:00,9.65
2011-07-25 03:00:00,5.45
2011-07-25 04:00:00,5.89
2011-07-25 05:00:00,25.81
2011-07-25 06:00:00,114.42
2011-07-25 07:00:00,302.87
2011-07-25 08:00:00,407.67
2011-07-25 09:00:00,206.04
2011-07-25 10:00:00,122.66
2011-07-25 11:00:00,130.63
2011-07-25 12:00:00,156.93
2011-07-25 13:00:00,159.13
2011-07-25 14:00:00,149.55
2011-07-25 15:00:00,137.6
2011-07-25 16:00:00,234.28
2011-07-25 17:00:00,502.24
2011-07-25 18:00:00,484.76
2011-07-25 19:00:00,365.49
2011-07-25 20:00:00,280.89
2011-07-25 21:00:00,165.28
2011-07-25 22:00:00,131.71
2011-07-25 23:00:00,68.95
2011-07-26 00:00:00,42.32
2011-07-26 01:00:00,18.57
2011-07-26 02:00:00,9.83
2011-07-26 03:00:00,5.02
2011-07-26 04:00:00,5.5
2011-07-26 05:00:00,24.99
2011-07-26 06:00:00,111.2
2011-07-26 07:00:00,313.07
2011-07-26 08:00:00,445.71
2011-07-26 09:00:00,204.07
2011-07-26 10:00:00,123.96
2011-07-26 11:00:00,155.9
2011-07-26 12:00:00,195.08
2011-07-26 13:00:00,192.58
2011-07-26 14:00:00,173.95
2011-07-26 15:00:00,171.06
2011-07-26 16:00:00,287.32
2011-07-26 17:00:00,564.87
2011-07-26 18:00:00,545.37
2011-07-26 19:00:00,370.17
2011-07-26 20:00:00,299.29
2011-07-26 21:00:00,226.54
2011-07-26 22:00:00,170.56
2011-07-26 23:00:00,80.36
2011-07-27 00:00:00,46.65
2011-07-27 01:00:00,17.3
2011-07-27 02:00:00,12.27
2011-07-27 03:00:00,4.86
2011-07-27 04:00:00,5.48
2011-07-27 05:00:00,25.52
2011-07-27 06:00:00,114.21
2011-07-27 07:00:00,309.7
2011-07-27 08:00:00,462.1
2011-07-27 09:00:00,208.1
2011-07-27 10:00:00,119.28
2011-07-27 11:00:00,158.16
2011-07-27 12:00:00,198.01
2011-07-27 13:00:00,190.55
2011-07-27 14:00:00,174.41
2011-07-27 15:00:00,176.38
2011-07-27 16:00:00,292.66
2011-07-27 17:00:00,569.1
2011-07-27 18:00:00,562.82
2011-07-27 19:00:00,374.72
2011-07-27 20:00:00,302.14
2011-07-27 21:00:00,222.34
2011-07-27 22:00:00,172.01
2011-07-27 23:00:00,90.61
2011-07-28 00:00:00,51.42
2011-07-28 01:00:00,21.16
2011-07-28 02:00:00,9.61
2011-07-28 03:00:00,5.56
2011-07-28 04:00:00,6.41
2011-07-28 05:00:00,24.78
2011-07-28 06:00:00,113.69
2011-07-28 07:00:00,309.03
2011-07-28 08:00:00,452.56
2011-07-28 09:00:00,203.54
2011-07-28 10:00:00,120.46
2011-07-28 11:00:00,131.07
2011-07-28 12:00:00,156.02
2011-07-28 13:00:00,150.29
2011-07-28 14:00:00,155.48
2011-07-28 15:00:00,153.77
2011-07-28 16:00:00,249.12
2011-07-28 17:00:00,516.09
2011-07-28 18:00:00,488.2
2011-07-28 19:00:00,363.3
2011-07-28 20:00:00,283.85
2011-07-28 21:00:00,209.73
2011-07-28 22:00:00,154.0
2011-07-28 23:00:00,129.64
2011-07-29 00:00:00,50.42
2011-07-29 01:00:00,27.38
2011-07-29 02:00:00,17.87
2011-07-29 03:00:00,6.72
2011-07-29 04:00:00,7.05
2011-07-29 05:00:00,21.23
2011-07-29 06:00:00,103.27
2011-07-29 07:00:00,285.88
2011-07-29 08:00:00,442.93
2011-07-29 09:00:00,214.68
2011-07-29 10:00:00,161.34
2011-07-29 11:00:00,167.8
2011-07-29 12:00:00,210.49
2011-07-29 13:00:00,224.36
2011-07-29 14:00:00,214.8
2011-07-29 15:00:00,215.03
2011-07-29 16:00:00,314.94
2011-07-29 17:00:00,478.15
2011-07-29 18:00:00,470.67
2011-07-29 19:00:00,382.7
2011-07-29 20:00:00,295.85
2011-07-29 21:00:00,222.79
2011-07-29 22:00:00,199.49
2011-07-29 23:00:00,144.7
2011-07-30 00:00:00,126.76
2011-07-30 01:00:00,82.35
2011-07-30 02:00:00,70.63
2011-07-30 03:00:00,34.52
2011-07-30 04:00:00,13.06
2011-07-30 05:00:00,14.18
2011-07-30 06:00:00,35.06
2011-07-30 07:00:00,61.97
2011-07-30 08:00:00,131.63
2011-07-30 09:00:00,222.43
2011-07-30 10:00:00,291.76
2011-07-30 11:00:00,359.15
2011-07-30 12:00:00,376.38
2011-07-30 13:00:00,364.18
2011-07-30 14:00:00,351.33
2011-07-30 15:00:00,347.33
2011-07-30 16:00:00,371.38
2011-07-30 17:00:00,407.19
2011-07-30 18:00:00,395.39
2011-07-30 19:00:00,367.87
2011-07-30 20:00:00,277.14
2011-07-30 21:00:00,223.41
2011-07-30 22:00:00,193.62
2011-07-30 23:00:00,143.17
2011-07-31 00:00:00,122.17
2011-07-31 01:00:00,83.75
2011-07-31 02:00:00,83.28
2011-07-31 03:00:00,34.23
2011-07-31 04:00:00,14.67
2011-07-31 05:00:00,15.94
2011-07-31 06:00:00,27.9
2011-07-31 07:00:00,65.12
2011-07-31 08:00:00,99.25
2011-07-31 09:00:00,183.78
2011-07-31 10:00:00,283.66
2011-07-31 11:00:00,362.82
2011-07-31 12:00:00,367.75
2011-07-31 13:00:00,365.41
2011-07-31 14:00:00,351.89
2011-07-31 15:00:00,350.12
2011-07-31 16:00:00,354.34
2011-07-31 17:00:00,392.11
2011-07-31 18:00:00,391.33
2011-07-31 19:00:00,347.95
2011-07-31 20:00:00,274.72
2011-07-31 21:00:00,206.65
2011-07-31 22:00:00,149.28
2011-07-31 23:00:00,109.02
2011-08-20 00:00:00,107.01
2011-08-20 01:00:00,84.93
2011-08-20 02:00:00,64.45
2011-08-20 03:00:00,35.06
2011-08-20 04:00:00,9.61
2011-08-20 05:00:00,13.98
2011-08-20 06:00:00,26.82
2011-08-20 07:00:00,53.95
2011-08-20 08:00:00,120.29
2011-08-20 09:00:00,212.31
2011-08-20 10:00:00,282.8
2011-08-20 11:00:00,384.36
2011-08-20 12:00:00,386.15
2011-08-20 13:00:00,377.19
2011-08-20 14:00:00,385.43
2011-08-20 15:00:00,375.47
2011-08-20 16:00:00,366.1
2011-08-20 17:00:00,407.81
2011-08-20 18:00:00,371.51
2011-08-20 19:00:00,339.67
2011-08-20 20:00:00,265.2
2011-08-20 21:00:00,209.48
2011-08-20 22:00:00,156.15
2011-08-20 23:00:00,127.99
2011-08-21 00:00:00,112.34
2011-08-21 01:00:00,78.77
2011-08-21 02:00:00,81.42
2011-08-21 03:00:00,38.69
2011-08-21 04:00:00,11.85
2011-08-21 05:00:00,11.25
2011-08-21 06:00:00,16.84
2011-08-21 07:00:00,54.54
2011-08-21 08:00:00,90.55
2011-08-21 09:00:00,189.29
2011-08-21 10:00:00,269.99
2011-08-21 11:00:00,348.59
2011-08-21 12:00:00,369.33
2011-08-21 13:00:00,406.71
2011-08-21 14:00:00,290.66
2011-08-21 15:00:00,321.08
2011-08-21 16:00:00,307.1
2011-08-21 17:00:00,246.77
2011-08-21 18:00:00,248.84
2011-08-21 19:00:00,304.72
2011-08-21 20:00:00,216.55
2011-08-21 21:00:00,193.65
2011-08-21 22:00:00,154.45
2011-08-21 23:00:00,104.8
2011-08-22 00:00:00,38.35
2011-08-22 01:00:00,18.44
2011-08-22 02:00:00,9.92
2011-08-22 03:00:00,5.82
2011-08-22 04:00:00,6.2
2011-08-22 05:00:00,25.93
2011-08-22 06:00:00,104.26
2011-08-22 07:00:00,295.56
2011-08-22 08:00:00,382.44
2011-08-22 09:00:00,209.78
2011-08-22 10:00:00,123.91
2011-08-22 11:00:00,158.53
2011-08-22 12:00:00,194.42
2011-08-22 13:00:00,195.57
2011-08-22 14:00:00,185.29
2011-08-22 15:00:00,184.69
2011-08-22 16:00:00,308.99
2011-08-22 17:00:00,591.82
2011-08-22 18:00:00,565.1
2011-08-22 19:00:00,382.88
2011-08-22 20:00:00,293.89
2011-08-22 21:00:00,201.47
2011-08-22 22:00:00,145.67
2011-08-22 23:00:00,84.94
2011-08-23 00:00:00,39.0
2011-08-23 01:00:00,14.41
2011-08-23 02:00:00,9.23
2011-08-23 03:00:00,4.72
2011-08-23 04:00:00,5.33
2011-08-23 05:00:00,25.71
2011-08-23 06:00:00,112.29
2011-08-23 07:00:00,321.87
2011-08-23 08:00:00,438.32
2011-08-23 09:00:00,210.13
2011-08-23 10:00:00,118.41
2011-08-23 11:00:00,156.91
2011-08-23 12:00:00,211.22
2011-08-23 13:00:00,201.3
2011-08-23 14:00:00,182.02
2011-08-23 15:00:00,185.14
2011-08-23 16:00:00,310.32
2011-08-23 17:00:00,587.32
2011-08-23 18:00:00,571.44
2011-08-23 19:00:00,373.77
2011-08-23 20:00:00,290.35
2011-08-23 21:00:00,195.77
2011-08-23 22:00:00,165.68
2011-08-23 23:00:00,81.77
2011-08-24 00:00:00,46.47
2011-08-24 01:00:00,15.18
2011-08-24 02:00:00,9.92
2011-08-24 03:00:00,5.1
2011-08-24 04:00:00,6.2
2011-08-24 05:00:00,24.49
2011-08-24 06:00:00,109.35
2011-08-24 07:00:00,314.14
2011-08-24 08:00:00,432.56
2011-08-24 09:00:00,211.39
2011-08-24 10:00:00,125.09
2011-08-24 11:00:00,147.84
2011-08-24 12:00:00,185.28
2011-08-24 13:00:00,187.67
2011-08-24 14:00:00,181.45
2011-08-24 15:00:00,182.75
2011-08-24 16:00:00,294.16
2011-08-24 17:00:00,574.52
2011-08-24 18:00:00,530.85
2011-08-24 19:00:00,369.67
2011-08-24 20:00:00,280.92
2011-08-24 21:00:00,203.06
2011-08-24 22:00:00,148.65
2011-08-24 23:00:00,98.47
2011-08-25 00:00:00,49.63
2011-08-25 01:00:00,22.51
2011-08-25 02:00:00,10.99
2011-08-25 03:00:00,6.81
2011-08-25 04:00:00,7.44
2011-08-25 05:00:00,25.69
2011-08-25 06:00:00,103.26
2011-08-25 07:00:00,292.32
2011-08-25 08:00:00,414.58
2011-08-25 09:00:00,214.42
2011-08-25 10:00:00,126.05
2011-08-25 11:00:00,137.45
2011-08-25 12:00:00,138.78
2011-08-25 13:00:00,128.51
2011-08-25 14:00:00,160.65
2011-08-25 15:00:00,166.46
2011-08-25 16:00:00,227.33
2011-08-25 17:00:00,387.03
2011-08-25 18:00:00,372.42
2011-08-25 19:00:00,283.79
2011-08-25 20:00:00,223.53
2011-08-25 21:00:00,194.26
2011-08-25 22:00:00,138.97
2011-08-25 23:00:00,112.53
2011-08-26 00:00:00,46.02
2011-08-26 01:00:00,25.15
2011-08-26 02:00:00,11.52
2011-08-26 03:00:00,6.06
2011-08-26 04:00:00,6.93
2011-08-26 05:00:00,21.5
2011-08-26 06:00:00,90.7
2011-08-26 07:00:00,281.77
2011-08-26 08:00:00,423.34
2011-08-26 09:00:00,201.33
2011-08-26 10:00:00,167.52
2011-08-26 11:00:00,174.32
2011-08-26 12:00:00,216.75
2011-08-26 13:00:00,225.48
2011-08-26 14:00:00,221.12
2011-08-26 15:00:00,217.01
2011-08-26 16:00:00,319.62
2011-08-26 17:00:00,487.91
2011-08-26 18:00:00,401.64
2011-08-26 19:00:00,277.0
2011-08-26 20:00:00,234.2
2011-08-26 21:00:00,203.86
2011-08-26 22:00:00,155.21
2011-08-26 23:00:00,134.53
2011-08-27 00:00:00,109.21
2011-08-27 01:00:00,79.43
2011-08-27 02:00:00,65.21
2011-08-27 03:00:00,39.68
2011-08-27 04:00:00,12.24
2011-08-27 05:00:00,13.37
2011-08-27 06:00:00,34.42
2011-08-27 07:00:00,59.92
2011-08-27 08:00:00,117.81
2011-08-27 09:00:00,192.05
2011-08-27 10:00:00,214.5
2011-08-27 11:00:00,218.69
2011-08-27 12:00:00,267.25
2011-08-27 13:00:00,282.69
2011-08-27 14:00:00,250.15
2011-08-27 15:00:00,257.06
2011-08-27 16:00:00,207.41
2011-08-27 17:00:00,192.24
2011-08-28 07:00:00,107.16
2011-08-28 08:00:00,138.4
2011-08-28 09:00:00,200.03
2011-08-28 10:00:00,308.04
2011-08-28 11:00:00,369.49
2011-08-28 12:00:00,406.56
2011-08-28 13:00:00,430.75
2011-08-28 14:00:00,397.18
2011-08-28 15:00:00,392.52
2011-08-28 16:00:00,359.88
2011-08-28 17:00:00,404.07
2011-08-28 18:00:00,384.2
2011-08-28 19:00:00,345.92
2011-08-28 20:00:00,266.23
2011-08-28 21:00:00,195.03
2011-08-28 22:00:00,146.02
2011-08-28 23:00:00,99.48
2011-08-29 00:00:00,35.47
2011-08-29 01:00:00,13.48
2011-08-29 02:00:00,9.73
2011-08-29 03:00:00,5.35
2011-08-29 04:00:00,5.44
2011-08-29 05:00:00,25.06
2011-08-29 06:00:00,109.09
2011-08-29 07:00:00,311.54
2011-08-29 08:00:00,388.96
2011-08-29 09:00:00,209.4
2011-08-29 10:00:00,122.58
2011-08-29 11:00:00,153.93
2011-08-29 12:00:00,198.79
2011-08-29 13:00:00,211.6
2011-08-29 14:00:00,185.11
2011-08-29 15:00:00,185.24
2011-08-29 16:00:00,301.79
2011-08-29 17:00:00,553.06
2011-08-29 18:00:00,527.33
2011-08-29 19:00:00,373.61
2011-08-29 20:00:00,290.22
2011-08-29 21:00:00,202.93
2011-08-29 22:00:00,154.61
2011-08-29 23:00:00,78.97
2011-08-30 00:00:00,36.25
2011-08-30 01:00:00,13.11
2011-08-30 02:00:00,10.24
2011-08-30 03:00:00,5.41
2011-08-30 04:00:00,6.31
2011-08-30 05:00:00,24.72
2011-08-30 06:00:00,111.27
2011-08-30 07:00:00,325.44
2011-08-30 08:00:00,435.59
2011-08-30 09:00:00,204.22
2011-08-30 10:00:00,123.3
2011-08-30 11:00:00,150.51
2011-08-30 12:00:00,210.53
2011-08-30 13:00:00,201.61
2011-08-30 14:00:00,184.05
2011-08-30 15:00:00,185.61
2011-08-30 16:00:00,308.6
2011-08-30 17:00:00,583.83
2011-08-30 18:00:00,547.44
2011-08-30 19:00:00,376.9
2011-08-30 20:00:00,286.29
2011-08-30 21:00:00,198.85
2011-08-30 22:00:00,157.76
2011-08-30 23:00:00,83.61
2011-08-31 00:00:00,33.03
2011-08-31 01:00:00,14.78
2011-08-31 02:00:00,9.76
2011-08-31 03:00:00,5.28
2011-08-31 04:00:00,6.07
2011-08-31 05:00:00,25.12
2011-08-31 06:00:00,107.22
2011-08-31 07:00:00,320.32
2011-08-31 08:00:00,443.22
2011-08-31 09:00:00,208.38
2011-08-31 10:00:00,123.21
2011-08-31 11:00:00,144.77
2011-08-31 12:00:00,192.85
2011-08-31 13:00:00,200.6
2011-08-31 14:00:00,181.34
2011-08-31 15:00:00,180.4
2011-08-31 16:00:00,298.01
2011-08-31 17:00:00,578.09
2011-08-31 18:00:00,530.15
2011-08-31 19:00:00,366.02
2011-08-31 20:00:00,286.9
2011-08-31 21:00:00,207.49
2011-08-31 22:00:00,150.82
2011-08-31 23:00:00,82.38
2011-09-20 00:00:00,34.49
2011-09-20 01:00:00,11.47
2011-09-20 02:00:00,8.02
2011-09-20 03:00:00,5.2
2011-09-20 04:00:00,5.49
2011-09-20 05:00:00,22.95
2011-09-20 06:00:00,114.34
2011-09-20 07:00:00,310.24
2011-09-20 08:00:00,224.74
2011-09-20 09:00:00,161.26
2011-09-20 10:00:00,127.62
2011-09-20 11:00:00,133.86
2011-09-20 12:00:00,117.44
2011-09-20 13:00:00,110.34
2011-09-20 14:00:00,145.4
2011-09-20 15:00:00,174.42
2011-09-20 16:00:00,201.43
2011-09-20 17:00:00,349.41
2011-09-20 18:00:00,349.67
2011-09-20 19:00:00,260.31
2011-09-20 20:00:00,183.69
2011-09-20 21:00:00,116.65
2011-09-20 22:00:00,107.14
2011-09-20 23:00:00,68.76
2011-09-21 00:00:00,28.88
2011-09-21 01:00:00,10.24
2011-09-21 02:00:00,8.72
2011-09-21 03:00:00,4.7
2011-09-21 04:00:00,5.59
2011-09-21 05:00:00,12.63
2011-09-21 06:00:00,97.67
2011-09-21 07:00:00,294.55
2011-09-21 08:00:00,354.81
2011-09-21 09:00:00,118.38
2011-09-21 10:00:00,100.43
2011-09-21 11:00:00,116.25
2011-09-21 12:00:00,167.42
2011-09-21 13:00:00,171.62
2011-09-21 14:00:00,168.16
2011-09-21 15:00:00,175.19
2011-09-21 16:00:00,271.51
2011-09-21 17:00:00,408.76
2011-09-21 18:00:00,319.92
2011-09-21 19:00:00,212.32
2011-09-21 20:00:00,123.02
2011-09-21 21:00:00,95.53
2011-09-21 22:00:00,95.83
2011-09-21 23:00:00,68.74
2011-09-22 00:00:00,26.5
2011-09-22 01:00:00,12.35
2011-09-22 02:00:00,9.31
2011-09-22 03:00:00,5.1
2011-09-22 04:00:00,5.59
2011-09-22 05:00:00,16.49
2011-09-22 06:00:00,94.96
2011-09-22 07:00:00,298.07
2011-09-22 08:00:00,331.12
2011-09-22 09:00:00,175.31
2011-09-22 10:00:00,113.0
2011-09-22 11:00:00,120.12
2011-09-22 12:00:00,136.72
2011-09-22 13:00:00,138.26
2011-09-22 14:00:00,136.22
2011-09-22 15:00:00,140.83
2011-09-22 16:00:00,278.38
2011-09-22 17:00:00,456.15
2011-09-22 18:00:00,317.56
2011-09-22 19:00:00,210.12
2011-09-22 20:00:00,136.62
2011-09-22 21:00:00,110.0
2011-09-22 22:00:00,97.58
2011-09-22 23:00:00,81.08
2011-09-23 00:00:00,31.67
2011-09-23 01:00:00,15.01
2011-09-23 02:00:00,10.44
2011-09-23 03:00:00,5.78
2011-09-23 04:00:00,5.36
2011-09-23 05:00:00,16.26
2011-09-23 06:00:00,78.67
2011-09-23 07:00:00,174.4
2011-09-23 08:00:00,244.24
2011-09-23 09:00:00,144.41
2011-09-23 10:00:00,136.09
2011-09-23 11:00:00,138.02
2011-09-23 12:00:00,134.39
2011-09-23 13:00:00,137.04
2011-09-23 14:00:00,138.16
2011-09-23 15:00:00,139.2
2011-09-23 16:00:00,198.6
2011-09-23 17:00:00,230.82
2011-09-23 18:00:00,245.71
2011-09-23 19:00:00,252.22
2011-09-23 20:00:00,180.95
2011-09-23 21:00:00,112.06
2011-09-23 22:00:00,109.59
2011-09-23 23:00:00,105.49
2011-09-24 00:00:00,92.71
2011-09-24 01:00:00,78.93
2011-09-24 02:00:00,64.89
2011-09-24 03:00:00,37.3
2011-09-24 04:00:00,9.86
2011-09-24 05:00:00,13.68
2011-09-24 06:00:00,24.11
2011-09-24 07:00:00,60.67
2011-09-24 08:00:00,129.33
2011-09-24 09:00:00,156.36
2011-09-24 10:00:00,250.96
2011-09-24 11:00:00,291.84
2011-09-24 12:00:00,329.16
2011-09-24 13:00:00,358.86
2011-09-24 14:00:00,355.49
2011-09-24 15:00:00,362.82
2011-09-24 16:00:00,325.77
2011-09-24 17:00:00,284.98
2011-09-24 18:00:00,278.31
2011-09-24 19:00:00,235.09
2011-09-24 20:00:00,184.35
2011-09-24 21:00:00,135.16
2011-09-24 22:00:00,120.36
2011-09-24 23:00:00,108.46
2011-09-25 00:00:00,99.5
2011-09-25 01:00:00,79.19
2011-09-25 02:00:00,72.05
2011-09-25 03:00:00,37.25
2011-09-25 04:00:00,10.3
2011-09-25 05:00:00,18.31
2011-09-25 06:00:00,19.22
2011-09-25 07:00:00,58.48
2011-09-25 08:00:00,111.47
2011-09-25 09:00:00,179.42
2011-09-25 10:00:00,259.6
2011-09-25 11:00:00,322.54
2011-09-25 12:00:00,344.93
2011-09-25 13:00:00,355.83
2011-09-25 14:00:00,349.53
2011-09-25 15:00:00,356.52
2011-09-25 16:00:00,376.94
2011-09-25 17:00:00,276.54
2011-09-25 18:00:00,265.06
2011-09-25 19:00:00,232.99
2011-09-25 20:00:00,186.99
2011-09-25 21:00:00,104.97
2011-09-25 22:00:00,129.86
2011-09-25 23:00:00,92.45
2011-09-26 00:00:00,28.7
2011-09-26 01:00:00,13.13
2011-09-26 02:00:00,8.69
2011-09-26 03:00:00,4.34
2011-09-26 04:00:00,4.91
2011-09-26 05:00:00,22.03
2011-09-26 06:00:00,100.59
2011-09-26 07:00:00,300.99
2011-09-26 08:00:00,350.41
2011-09-26 09:00:00,202.87
2011-09-26 10:00:00,109.67
2011-09-26 11:00:00,135.1
2011-09-26 12:00:00,151.74
2011-09-26 13:00:00,168.91
2011-09-26 14:00:00,177.92
2011-09-26 15:00:00,181.45
2011-09-26 16:00:00,289.58
2011-09-26 17:00:00,566.37
2011-09-26 18:00:00,350.93
2011-09-26 19:00:00,267.75
2011-09-26 20:00:00,193.91
2011-09-26 21:00:00,127.69
2011-09-26 22:00:00,112.72
2011-09-26 23:00:00,68.25
2011-09-27 00:00:00,28.21
2011-09-27 01:00:00,13.29
2011-09-27 02:00:00,9.05
2011-09-27 03:00:00,4.03
2011-09-27 04:00:00,4.52
2011-09-27 05:00:00,16.02
2011-09-27 06:00:00,108.23
2011-09-27 07:00:00,314.0
2011-09-27 08:00:00,411.61
2011-09-27 09:00:00,186.47
2011-09-27 10:00:00,131.33
2011-09-27 11:00:00,112.94
2011-09-27 12:00:00,138.62
2011-09-27 13:00:00,169.91
2011-09-27 14:00:00,143.52
2011-09-27 15:00:00,138.92
2011-09-27 16:00:00,214.58
2011-09-27 17:00:00,247.69
2011-09-27 18:00:00,255.67
2011-09-27 19:00:00,227.5
2011-09-27 20:00:00,222.46
2011-09-27 21:00:00,172.71
2011-09-27 22:00:00,132.62
2011-09-27 23:00:00,69.71
2011-09-28 00:00:00,29.86
2011-09-28 01:00:00,14.38
2011-09-28 02:00:00,8.74
2011-09-28 03:00:00,4.92
2011-09-28 04:00:00,6.01
2011-09-28 05:00:00,15.95
2011-09-28 06:00:00,64.4
2011-09-28 07:00:00,160.3
2011-09-28 08:00:00,243.39
2011-09-28 09:00:00,166.71
2011-09-28 10:00:00,73.96
2011-09-28 11:00:00,120.41
2011-09-28 12:00:00,126.32
2011-09-28 13:00:00,167.33
2011-09-28 14:00:00,179.3
2011-09-28 15:00:00,177.7
2011-09-28 16:00:00,286.7
2011-09-28 17:00:00,554.26
2011-09-28 18:00:00,321.96
2011-09-28 19:00:00,233.8
2011-09-28 20:00:00,133.9
2011-09-28 21:00:00,120.88
2011-09-28 22:00:00,130.57
2011-09-28 23:00:00,68.86
2011-09-29 00:00:00,26.56
2011-09-29 01:00:00,12.73
2011-09-29 02:00:00,8.67
2011-09-29 03:00:00,5.33
2011-09-29 04:00:00,5.99
2011-09-29 05:00:00,22.52
2011-09-29 06:00:00,118.93
2011-09-29 07:00:00,315.53
2011-09-29 08:00:00,432.9
2011-09-29 09:00:00,211.5
2011-09-29 10:00:00,123.41
2011-09-29 11:00:00,149.51
2011-09-29 12:00:00,193.81
2011-09-29 13:00:00,190.66
2011-09-29 14:00:00,188.93
2011-09-29 15:00:00,190.05
2011-09-29 16:00:00,301.43
2011-09-29 17:00:00,574.55
2011-09-29 18:00:00,550.59
2011-09-29 19:00:00,370.33
2011-09-29 20:00:00,256.3
2011-09-29 21:00:00,187.98
2011-09-29 22:00:00,130.67
2011-09-29 23:00:00,90.89
2011-09-30 00:00:00,46.37
2011-09-30 01:00:00,21.32
2011-09-30 02:00:00,11.36
2011-09-30 03:00:00,6.11
2011-09-30 04:00:00,6.88
2011-09-30 05:00:00,25.4
2011-09-30 06:00:00,87.57
2011-09-30 07:00:00,292.73
2011-09-30 08:00:00,437.46
2011-09-30 09:00:00,209.98
2011-09-30 10:00:00,183.73
2011-09-30 11:00:00,187.82
2011-09-30 12:00:00,222.1
2011-09-30 13:00:00,196.46
2011-09-30 14:00:00,213.83
2011-09-30 15:00:00,220.15
2011-09-30 16:00:00,357.96
2011-09-30 17:00:00,550.07
2011-09-30 18:00:00,466.23
2011-09-30 19:00:00,264.55
2011-09-30 20:00:00,202.12
2011-09-30 21:00:00,155.12
2011-09-30 22:00:00,123.85
2011-09-30 23:00:00,100.29
2011-10-20 00:00:00,28.26
2011-10-20 01:00:00,14.42
2011-10-20 02:00:00,9.28
2011-10-20 03:00:00,5.32
2011-10-20 04:00:00,6.2
2011-10-20 05:00:00,24.87
2011-10-20 06:00:00,99.47
2011-10-20 07:00:00,277.7
2011-10-20 08:00:00,428.06
2011-10-20 09:00:00,216.05
2011-10-20 10:00:00,133.15
2011-10-20 11:00:00,139.86
2011-10-20 12:00:00,158.17
2011-10-20 13:00:00,169.36
2011-10-20 14:00:00,145.84
2011-10-20 15:00:00,147.36
2011-10-20 16:00:00,242.61
2011-10-20 17:00:00,438.24
2011-10-20 18:00:00,389.03
2011-10-20 19:00:00,254.2
2011-10-20 20:00:00,216.45
2011-10-20 21:00:00,139.59
2011-10-20 22:00:00,122.03
2011-10-20 23:00:00,82.48
2011-10-21 00:00:00,46.89
2011-10-21 01:00:00,20.51
2011-10-21 02:00:00,13.45
2011-10-21 03:00:00,6.11
2011-10-21 04:00:00,5.74
2011-10-21 05:00:00,24.39
2011-10-21 06:00:00,86.71
2011-10-21 07:00:00,264.82
2011-10-21 08:00:00,410.98
2011-10-21 09:00:00,215.36
2011-10-21 10:00:00,155.89
2011-10-21 11:00:00,173.91
2011-10-21 12:00:00,191.76
2011-10-21 13:00:00,181.21
2011-10-21 14:00:00,188.97
2011-10-21 15:00:00,193.42
2011-10-21 16:00:00,310.82
2011-10-21 17:00:00,415.41
2011-10-21 18:00:00,373.37
2011-10-21 19:00:00,215.1
2011-10-21 20:00:00,193.12
2011-10-21 21:00:00,141.79
2011-10-21 22:00:00,127.85
2011-10-21 23:00:00,90.08
2011-10-22 00:00:00,74.56
2011-10-22 01:00:00,66.64
2011-10-22 02:00:00,60.6
2011-10-22 03:00:00,25.06
2011-10-22 04:00:00,7.83
2011-10-22 05:00:00,9.11
2011-10-22 06:00:00,17.03
2011-10-22 07:00:00,55.16
2011-10-22 08:00:00,101.8
2011-10-22 09:00:00,157.99
2011-10-22 10:00:00,238.69
2011-10-22 11:00:00,268.88
2011-10-22 12:00:00,314.64
2011-10-22 13:00:00,365.36
2011-10-22 14:00:00,325.37
2011-10-22 15:00:00,341.66
2011-10-22 16:00:00,337.69
2011-10-22 17:00:00,281.93
2011-10-22 18:00:00,243.23
2011-10-22 19:00:00,210.4
2011-10-22 20:00:00,170.76
2011-10-22 21:00:00,128.18
2011-10-22 22:00:00,114.13
2011-10-22 23:00:00,93.34
2011-10-23 00:00:00,81.47
2011-10-23 01:00:00,77.08
2011-10-23 02:00:00,65.55
2011-10-23 03:00:00,33.34
2011-10-23 04:00:00,9.81
2011-10-23 05:00:00,9.62
2011-10-23 06:00:00,14.13
2011-10-23 07:00:00,53.03
2011-10-23 08:00:00,93.22
2011-10-23 09:00:00,152.35
2011-10-23 10:00:00,244.72
2011-10-23 11:00:00,272.27
2011-10-23 12:00:00,355.28
2011-10-23 13:00:00,364.77
2011-10-23 14:00:00,368.11
2011-10-23 15:00:00,370.05
2011-10-23 16:00:00,358.22
2011-10-23 17:00:00,318.56
2011-10-23 18:00:00,295.42
2011-10-23 19:00:00,207.03
2011-10-23 20:00:00,170.5
2011-10-23 21:00:00,116.95
2011-10-23 22:00:00,98.15
2011-10-23 23:00:00,59.18
2011-10-24 00:00:00,30.4
2011-10-24 01:00:00,10.37
2011-10-24 02:00:00,7.74
2011-10-24 03:00:00,5.67
2011-10-24 04:00:00,5.96
2011-10-24 05:00:00,24.1
2011-10-24 06:00:00,108.1
2011-10-24 07:00:00,288.23
2011-10-24 08:00:00,384.03
2011-10-24 09:00:00,202.8
2011-10-24 10:00:00,116.5
2011-10-24 11:00:00,132.95
2011-10-24 12:00:00,178.11
2011-10-24 13:00:00,179.64
2011-10-24 14:00:00,169.83
2011-10-24 15:00:00,191.51
2011-10-24 16:00:00,279.34
2011-10-24 17:00:00,535.22
2011-10-24 18:00:00,515.7
2011-10-24 19:00:00,236.28
2011-10-24 20:00:00,210.3
2011-10-24 21:00:00,149.58
2011-10-24 22:00:00,123.22
2011-10-24 23:00:00,65.82
2011-10-25 00:00:00,35.39
2011-10-25 01:00:00,12.36
2011-10-25 02:00:00,7.13
2011-10-25 03:00:00,4.91
2011-10-25 04:00:00,5.09
2011-10-25 05:00:00,24.75
2011-10-25 06:00:00,100.9
2011-10-25 07:00:00,284.41
2011-10-25 08:00:00,417.24
2011-10-25 09:00:00,210.2
2011-10-25 10:00:00,126.08
2011-10-25 11:00:00,143.07
2011-10-25 12:00:00,188.4
2011-10-25 13:00:00,189.27
2011-10-25 14:00:00,175.67
2011-10-25 15:00:00,184.27
2011-10-25 16:00:00,299.76
2011-10-25 17:00:00,564.78
2011-10-25 18:00:00,504.21
2011-10-25 19:00:00,305.23
2011-10-25 20:00:00,223.15
2011-10-25 21:00:00,153.8
2011-10-25 22:00:00,134.45
2011-10-25 23:00:00,64.06
2011-10-26 00:00:00,36.98
2011-10-26 01:00:00,13.19
2011-10-26 02:00:00,8.13
2011-10-26 03:00:00,4.45
2011-10-26 04:00:00,5.56
2011-10-26 05:00:00,25.46
2011-10-26 06:00:00,109.55
2011-10-26 07:00:00,291.75
2011-10-26 08:00:00,412.23
2011-10-26 09:00:00,212.59
2011-10-26 10:00:00,121.41
2011-10-26 11:00:00,138.93
2011-10-26 12:00:00,176.85
2011-10-26 13:00:00,173.17
2011-10-26 14:00:00,158.33
2011-10-26 15:00:00,163.52
2011-10-26 16:00:00,247.59
2011-10-26 17:00:00,471.84
2011-10-26 18:00:00,451.91
2011-10-26 19:00:00,266.01
2011-10-26 20:00:00,203.08
2011-10-26 21:00:00,161.25
2011-10-26 22:00:00,116.25
2011-10-26 23:00:00,66.4
2011-10-27 00:00:00,31.1
2011-10-27 01:00:00,10.92
2011-10-27 02:00:00,9.37
2011-10-27 03:00:00,4.2
2011-10-27 04:00:00,4.84
2011-10-27 05:00:00,19.82
2011-10-27 06:00:00,70.67
2011-10-27 07:00:00,280.87
2011-10-27 08:00:00,203.97
2011-10-27 09:00:00,211.47
2011-10-27 10:00:00,121.96
2011-10-27 11:00:00,124.12
2011-10-27 12:00:00,115.59
2011-10-27 13:00:00,133.22
2011-10-27 14:00:00,126.52
2011-10-27 15:00:00,131.69
2011-10-27 16:00:00,280.08
2011-10-27 17:00:00,435.83
2011-10-27 18:00:00,380.58
2011-10-27 19:00:00,237.38
2011-10-27 20:00:00,202.58
2011-10-27 21:00:00,129.25
2011-10-27 22:00:00,88.82
2011-10-27 23:00:00,70.56
2011-10-28 00:00:00,42.06
2011-10-28 01:00:00,17.48
2011-10-28 02:00:00,10.82
2011-10-28 03:00:00,3.74
2011-10-28 04:00:00,4.01
2011-10-28 05:00:00,22.76
2011-10-28 06:00:00,85.02
2011-10-28 07:00:00,248.36
2011-10-28 08:00:00,396.65
2011-10-28 09:00:00,215.2
2011-10-28 10:00:00,137.21
2011-10-28 11:00:00,157.04
2011-10-28 12:00:00,180.56
2011-10-28 13:00:00,177.93
2011-10-28 14:00:00,169.07
2011-10-28 15:00:00,168.18
2011-10-28 16:00:00,229.79
2011-10-28 17:00:00,368.92
2011-10-28 18:00:00,347.67
2011-10-28 19:00:00,213.5
2011-10-28 20:00:00,154.77
2011-10-28 21:00:00,93.04
2011-10-28 22:00:00,70.96
2011-10-28 23:00:00,62.28
2011-10-29 00:00:00,53.13
2011-10-29 01:00:00,55.01
2011-10-29 02:00:00,47.09
2011-10-29 03:00:00,15.63
2011-10-29 04:00:00,6.53
2011-10-29 05:00:00,6.86
2011-10-29 06:00:00,14.62
2011-10-29 07:00:00,130.7
2011-10-29 08:00:00,164.57
2011-10-29 09:00:00,140.92
2011-10-29 10:00:00,118.91
2011-10-29 11:00:00,122.24
2011-10-29 12:00:00,143.4
2011-10-29 13:00:00,142.24
2011-10-29 14:00:00,145.35
2011-10-29 15:00:00,129.31
2011-10-29 16:00:00,142.81
2011-10-29 17:00:00,154.59
2011-10-29 18:00:00,150.74
2011-10-29 19:00:00,131.69
2011-10-29 20:00:00,119.78
2011-10-29 21:00:00,97.21
2011-10-29 22:00:00,79.52
2011-10-29 23:00:00,64.71
2011-10-30 00:00:00,66.63
2011-10-30 01:00:00,63.61
2011-10-30 02:00:00,47.94
2011-10-30 03:00:00,21.5
2011-10-30 04:00:00,4.79
2011-10-30 05:00:00,5.16
2011-10-30 06:00:00,13.59
2011-10-30 07:00:00,49.5
2011-10-30 08:00:00,89.35
2011-10-30 09:00:00,139.61
2011-10-30 10:00:00,211.89
2011-10-30 11:00:00,254.78
2011-10-30 12:00:00,307.79
2011-10-30 13:00:00,323.31
2011-10-30 14:00:00,334.5
2011-10-30 15:00:00,336.95
2011-10-30 16:00:00,293.17
2011-10-30 17:00:00,245.83
2011-10-30 18:00:00,220.22
2011-10-30 19:00:00,262.42
2011-10-30 20:00:00,158.09
2011-10-30 21:00:00,93.9
2011-10-30 22:00:00,64.4
2011-10-30 23:00:00,52.57
2011-10-31 00:00:00,21.77
2011-10-31 01:00:00,9.3
2011-10-31 02:00:00,5.61
2011-10-31 03:00:00,3.63
2011-10-31 04:00:00,4.18
2011-10-31 05:00:00,20.76
2011-10-31 06:00:00,91.86
2011-10-31 07:00:00,306.46
2011-10-31 08:00:00,388.96
2011-10-31 09:00:00,221.08
2011-10-31 10:00:00,105.71
2011-10-31 11:00:00,138.09
2011-10-31 12:00:00,164.7
2011-10-31 13:00:00,152.37
2011-10-31 14:00:00,149.97
2011-10-31 15:00:00,167.2
2011-10-31 16:00:00,260.94
2011-10-31 17:00:00,428.93
2011-10-31 18:00:00,388.97
2011-10-31 19:00:00,289.66
2011-10-31 20:00:00,204.48
2011-10-31 21:00:00,131.4
2011-10-31 22:00:00,99.16
2011-10-31 23:00:00,55.59
2011-11-20 00:00:00,70.26
2011-11-20 01:00:00,67.74
2011-11-20 02:00:00,60.13
2011-11-20 03:00:00,25.68
2011-11-20 04:00:00,6.69
2011-11-20 05:00:00,7.45
2011-11-20 06:00:00,19.22
2011-11-20 07:00:00,59.01
2011-11-20 08:00:00,104.17
2011-11-20 09:00:00,155.16
2011-11-20 10:00:00,245.76
2011-11-20 11:00:00,326.76
2011-11-20 12:00:00,339.72
2011-11-20 13:00:00,363.6
2011-11-20 14:00:00,357.6
2011-11-20 15:00:00,355.82
2011-11-20 16:00:00,353.95
2011-11-20 17:00:00,302.75
2011-11-20 18:00:00,302.59
2011-11-20 19:00:00,236.65
2011-11-20 20:00:00,179.18
2011-11-20 21:00:00,124.66
2011-11-20 22:00:00,68.7
2011-11-20 23:00:00,60.38
2011-11-21 00:00:00,30.54
2011-11-21 01:00:00,9.66
2011-11-21 02:00:00,7.03
2011-11-21 03:00:00,3.69
2011-11-21 04:00:00,4.57
2011-11-21 05:00:00,10.16
2011-11-21 06:00:00,94.09
2011-11-21 07:00:00,287.83
2011-11-21 08:00:00,404.08
2011-11-21 09:00:00,202.79
2011-11-21 10:00:00,109.69
2011-11-21 11:00:00,119.6
2011-11-21 12:00:00,167.77
2011-11-21 13:00:00,166.06
2011-11-21 14:00:00,148.21
2011-11-21 15:00:00,94.21
2011-11-21 16:00:00,123.14
2011-11-21 17:00:00,150.1
2011-11-21 18:00:00,208.85
2011-11-21 19:00:00,134.9
2011-11-21 20:00:00,138.33
2011-11-21 21:00:00,105.19
2011-11-21 22:00:00,75.36
2011-11-21 23:00:00,51.79
2011-11-22 00:00:00,22.27
2011-11-22 01:00:00,8.95
2011-11-22 02:00:00,7.0
2011-11-22 03:00:00,4.57
2011-11-22 04:00:00,4.63
2011-11-22 05:00:00,15.02
2011-11-22 06:00:00,97.15
2011-11-22 07:00:00,133.43
2011-11-22 08:00:00,174.63
2011-11-22 09:00:00,120.4
2011-11-22 10:00:00,92.62
2011-11-22 11:00:00,93.5
2011-11-22 12:00:00,96.6
2011-11-22 13:00:00,92.11
2011-11-22 14:00:00,93.06
2011-11-22 15:00:00,90.97
2011-11-22 16:00:00,123.71
2011-11-22 17:00:00,167.89
2011-11-22 18:00:00,166.46
2011-11-22 19:00:00,149.28
2011-11-22 20:00:00,175.72
2011-11-22 21:00:00,119.11
2011-11-22 22:00:00,96.37
2011-11-22 23:00:00,67.34
2011-11-23 00:00:00,27.15
2011-11-23 01:00:00,10.12
2011-11-23 02:00:00,7.33
2011-11-23 03:00:00,5.19
2011-11-23 04:00:00,6.42
2011-11-23 05:00:00,15.58
2011-11-23 06:00:00,96.69
2011-11-23 07:00:00,287.91
2011-11-23 08:00:00,389.28
2011-11-23 09:00:00,184.05
2011-11-23 10:00:00,102.07
2011-11-23 11:00:00,130.78
2011-11-23 12:00:00,156.14
2011-11-23 13:00:00,147.07
2011-11-23 14:00:00,148.37
2011-11-23 15:00:00,146.16
2011-11-23 16:00:00,223.55
2011-11-23 17:00:00,261.81
2011-11-23 18:00:00,361.89
2011-11-23 19:00:00,256.64
2011-11-23 20:00:00,173.96
2011-11-23 21:00:00,115.47
2011-11-23 22:00:00,89.67
2011-11-23 23:00:00,59.2
2011-11-24 00:00:00,53.01
2011-11-24 01:00:00,28.16
2011-11-24 02:00:00,14.78
2011-11-24 03:00:00,7.86
2011-11-24 04:00:00,7.32
2011-11-24 05:00:00,16.04
2011-11-24 06:00:00,32.31
2011-11-24 07:00:00,119.12
2011-11-24 08:00:00,199.54
2011-11-24 09:00:00,187.45
2011-11-24 10:00:00,227.22
2011-11-24 11:00:00,280.38
2011-11-24 12:00:00,309.45
2011-11-24 13:00:00,322.7
2011-11-24 14:00:00,349.02
2011-11-24 15:00:00,345.74
2011-11-24 16:00:00,284.36
2011-11-24 17:00:00,325.83
2011-11-24 18:00:00,255.22
2011-11-24 19:00:00,220.31
2011-11-24 20:00:00,163.63
2011-11-24 21:00:00,116.6
2011-11-24 22:00:00,95.17
2011-11-24 23:00:00,73.35
2011-11-25 00:00:00,39.3
2011-11-25 01:00:00,18.15
2011-11-25 02:00:00,10.4
2011-11-25 03:00:00,4.74
2011-11-25 04:00:00,4.91
2011-11-25 05:00:00,22.35
2011-11-25 06:00:00,82.69
2011-11-25 07:00:00,260.27
2011-11-25 08:00:00,386.22
2011-11-25 09:00:00,222.73
2011-11-25 10:00:00,145.37
2011-11-25 11:00:00,163.86
2011-11-25 12:00:00,204.83
2011-11-25 13:00:00,197.46
2011-11-25 14:00:00,197.82
2011-11-25 15:00:00,200.47
2011-11-25 16:00:00,306.07
2011-11-25 17:00:00,491.2
2011-11-25 18:00:00,399.93
2011-11-25 19:00:00,215.37
2011-11-25 20:00:00,180.44
2011-11-25 21:00:00,129.99
2011-11-25 22:00:00,102.22
2011-11-25 23:00:00,77.13
2011-11-26 00:00:00,70.26
2011-11-26 01:00:00,70.16
2011-11-26 02:00:00,54.04
2011-11-26 03:00:00,25.4
2011-11-26 04:00:00,8.26
2011-11-26 05:00:00,6.62
2011-11-26 06:00:00,15.8
2011-11-26 07:00:00,52.36
2011-11-26 08:00:00,102.38
2011-11-26 09:00:00,155.93
2011-11-26 10:00:00,235.32
2011-11-26 11:00:00,286.23
2011-11-26 12:00:00,341.89
2011-11-26 13:00:00,346.25
2011-11-26 14:00:00,326.49
2011-11-26 15:00:00,351.83
2011-11-26 16:00:00,305.01
2011-11-26 17:00:00,262.08
2011-11-26 18:00:00,215.27
2011-11-26 19:00:00,190.69
2011-11-26 20:00:00,166.2
2011-11-26 21:00:00,119.03
2011-11-26 22:00:00,94.16
2011-11-26 23:00:00,86.34
2011-11-27 00:00:00,78.05
2011-11-27 01:00:00,78.59
2011-11-27 02:00:00,61.67
2011-11-27 03:00:00,34.72
2011-11-27 04:00:00,7.92
2011-11-27 05:00:00,7.42
2011-11-27 06:00:00,14.76
2011-11-27 07:00:00,55.98
2011-11-27 08:00:00,99.02
2011-11-27 09:00:00,151.87
2011-11-27 10:00:00,248.18
2011-11-27 11:00:00,319.46
2011-11-27 12:00:00,370.29
2011-11-27 13:00:00,365.48
2011-11-27 14:00:00,431.71
2011-11-27 15:00:00,438.05
2011-11-27 16:00:00,386.44
2011-11-27 17:00:00,323.91
2011-11-27 18:00:00,274.89
2011-11-27 19:00:00,225.18
2011-11-27 20:00:00,177.95
2011-11-27 21:00:00,121.4
2011-11-27 22:00:00,115.51
2011-11-27 23:00:00,74.84
2011-11-28 00:00:00,33.19
2011-11-28 01:00:00,13.82
2011-11-28 03:00:00,4.65
2011-11-28 04:00:00,5.89
2011-11-28 05:00:00,24.05
2011-11-28 06:00:00,106.22
2011-11-28 07:00:00,301.74
2011-11-28 08:00:00,406.1
2011-11-28 09:00:00,208.13
2011-11-28 10:00:00,120.72
2011-11-28 11:00:00,134.67
2011-11-28 12:00:00,189.69
2011-11-28 13:00:00,187.67
2011-11-28 14:00:00,183.75
2011-11-28 15:00:00,189.61
2011-11-28 16:00:00,284.52
2011-11-28 17:00:00,549.7
2011-11-28 18:00:00,507.58
2011-11-28 19:00:00,309.39
2011-11-28 20:00:00,228.05
2011-11-28 21:00:00,177.71
2011-11-28 22:00:00,113.48
2011-11-28 23:00:00,68.11
2011-11-29 00:00:00,30.67
2011-11-29 01:00:00,10.5
2011-11-29 02:00:00,8.3
2011-11-29 03:00:00,4.03
2011-11-29 04:00:00,6.04
2011-11-29 05:00:00,24.17
2011-11-29 06:00:00,109.01
2011-11-29 07:00:00,320.49
2011-11-29 08:00:00,432.47
2011-11-29 09:00:00,197.88
2011-11-29 10:00:00,139.42
2011-11-29 11:00:00,124.21
2011-11-29 12:00:00,118.28
2011-11-29 13:00:00,126.32
2011-11-29 14:00:00,94.28
2011-11-29 15:00:00,106.98
2011-11-29 16:00:00,119.51
2011-11-29 17:00:00,296.19
2011-11-29 18:00:00,313.39
2011-11-29 19:00:00,255.06
2011-11-29 20:00:00,167.29
2011-11-29 21:00:00,132.95
2011-11-29 22:00:00,104.44
2011-11-29 23:00:00,48.09
2011-11-30 00:00:00,35.45
2011-11-30 01:00:00,13.1
2011-11-30 02:00:00,6.6
2011-11-30 03:00:00,4.15
2011-11-30 04:00:00,4.81
2011-11-30 05:00:00,20.9
2011-11-30 06:00:00,92.37
2011-11-30 07:00:00,291.03
2011-11-30 08:00:00,394.37
2011-11-30 09:00:00,225.04
2011-11-30 10:00:00,106.06
2011-11-30 11:00:00,131.26
2011-11-30 12:00:00,135.47
2011-11-30 13:00:00,136.75
2011-11-30 14:00:00,134.77
2011-11-30 15:00:00,145.77
2011-11-30 16:00:00,221.23
2011-11-30 17:00:00,360.85
2011-11-30 18:00:00,337.37
2011-11-30 19:00:00,253.39
2011-11-30 20:00:00,166.72
2011-11-30 21:00:00,118.11
2011-11-30 22:00:00,95.44
2011-11-30 23:00:00,59.97
2011-12-20 00:00:00,38.61
2011-12-20 01:00:00,13.07
2011-12-20 02:00:00,6.62
2011-12-20 03:00:00,4.72
2011-12-20 04:00:00,4.94
2011-12-20 05:00:00,22.07
2011-12-20 06:00:00,90.03
2011-12-20 07:00:00,256.79
2011-12-20 08:00:00,434.82
2011-12-20 09:00:00,216.43
2011-12-20 10:00:00,125.14
2011-12-20 11:00:00,128.19
2011-12-20 12:00:00,157.24
2011-12-20 13:00:00,155.62
2011-12-20 14:00:00,153.36
2011-12-20 15:00:00,154.08
2011-12-20 16:00:00,259.79
2011-12-20 17:00:00,385.48
2011-12-20 18:00:00,368.07
2011-12-20 19:00:00,267.01
2011-12-20 20:00:00,181.59
2011-12-20 21:00:00,133.98
2011-12-20 22:00:00,100.92
2011-12-20 23:00:00,68.78
2011-12-21 00:00:00,30.13
2011-12-21 01:00:00,14.6
2011-12-21 02:00:00,7.75
2011-12-21 03:00:00,4.71
2011-12-21 04:00:00,4.7
2011-12-21 05:00:00,21.08
2011-12-21 06:00:00,92.55
2011-12-21 07:00:00,257.87
2011-12-21 08:00:00,152.73
2011-12-21 09:00:00,205.24
2011-12-21 10:00:00,117.47
2011-12-21 11:00:00,119.29
2011-12-21 12:00:00,106.34
2011-12-21 13:00:00,89.37
2011-12-21 14:00:00,131.45
2011-12-21 15:00:00,130.46
2011-12-21 16:00:00,133.26
2011-12-21 17:00:00,162.67
2011-12-21 18:00:00,250.39
2011-12-21 19:00:00,219.33
2011-12-21 20:00:00,168.53
2011-12-21 21:00:00,127.24
2011-12-21 22:00:00,120.03
2011-12-21 23:00:00,70.85
2011-12-22 00:00:00,38.24
2011-12-22 01:00:00,10.82
2011-12-22 02:00:00,11.03
2011-12-22 03:00:00,5.0
2011-12-22 04:00:00,5.5
2011-12-22 05:00:00,23.45
2011-12-22 06:00:00,93.24
2011-12-22 07:00:00,256.72
2011-12-22 08:00:00,419.38
2011-12-22 09:00:00,209.25
2011-12-22 10:00:00,99.17
2011-12-22 11:00:00,119.17
2011-12-22 12:00:00,163.71
2011-12-22 13:00:00,147.66
2011-12-22 14:00:00,145.62
2011-12-22 15:00:00,158.68
2011-12-22 16:00:00,244.73
2011-12-22 17:00:00,369.32
2011-12-22 18:00:00,364.74
2011-12-22 19:00:00,247.44
2011-12-22 20:00:00,170.79
2011-12-22 21:00:00,113.29
2011-12-22 22:00:00,64.75
2011-12-22 23:00:00,64.22
2011-12-23 00:00:00,40.41
2011-12-23 01:00:00,16.11
2011-12-23 02:00:00,10.46
2011-12-23 03:00:00,5.5
2011-12-23 04:00:00,5.34
2011-12-23 05:00:00,21.69
2011-12-23 06:00:00,82.53
2011-12-23 07:00:00,243.57
2011-12-23 08:00:00,402.14
2011-12-23 09:00:00,213.67
2011-12-23 10:00:00,135.71
2011-12-23 11:00:00,153.55
2011-12-23 12:00:00,177.69
2011-12-23 13:00:00,175.63
2011-12-23 14:00:00,173.28
2011-12-23 15:00:00,166.28
2011-12-23 16:00:00,222.76
2011-12-23 17:00:00,348.09
2011-12-23 18:00:00,333.68
2011-12-23 19:00:00,221.03
2011-12-23 20:00:00,152.95
2011-12-23 21:00:00,118.47
2011-12-23 22:00:00,96.36
2011-12-23 23:00:00,77.88
2011-12-24 00:00:00,70.4
2011-12-24 01:00:00,70.02
2011-12-24 02:00:00,55.02
2011-12-24 03:00:00,25.37
2011-12-24 04:00:00,6.1
2011-12-24 05:00:00,5.78
2011-12-24 06:00:00,11.75
2011-12-24 07:00:00,39.7
2011-12-24 08:00:00,82.45
2011-12-24 09:00:00,158.89
2011-12-24 10:00:00,194.6
2011-12-24 11:00:00,210.96
2011-12-24 12:00:00,245.41
2011-12-24 13:00:00,242.89
2011-12-24 14:00:00,240.69
2011-12-24 15:00:00,219.64
2011-12-24 16:00:00,235.32
2011-12-24 17:00:00,174.26
2011-12-24 18:00:00,186.81
2011-12-24 19:00:00,174.95
2011-12-24 20:00:00,122.8
2011-12-24 21:00:00,93.18
2011-12-24 22:00:00,77.34
2011-12-24 23:00:00,67.93
2011-12-25 00:00:00,63.51
2011-12-25 01:00:00,55.0
2011-12-25 02:00:00,50.24
2011-12-25 03:00:00,22.04
2011-12-25 05:00:00,5.2
2011-12-25 06:00:00,7.39
2011-12-25 07:00:00,30.55
2011-12-25 08:00:00,88.58
2011-12-25 09:00:00,106.14
2011-12-25 10:00:00,159.37
2011-12-25 11:00:00,200.54
2011-12-25 12:00:00,207.73
2011-12-25 13:00:00,213.23
2011-12-25 14:00:00,240.88
2011-12-25 15:00:00,248.54
2011-12-25 16:00:00,253.12
2011-12-25 17:00:00,199.69
2011-12-25 18:00:00,176.31
2011-12-25 19:00:00,180.76
2011-12-25 20:00:00,135.69
2011-12-25 21:00:00,82.56
2011-12-25 22:00:00,65.03
2011-12-25 23:00:00,48.2
2011-12-26 00:00:00,49.4
2011-12-26 01:00:00,34.95
2011-12-26 02:00:00,17.49
2011-12-26 04:00:00,8.05
2011-12-26 05:00:00,15.21
2011-12-26 06:00:00,26.54
2011-12-26 07:00:00,140.28
2011-12-26 08:00:00,202.01
2011-12-26 09:00:00,184.97
2011-12-26 10:00:00,195.78
2011-12-26 11:00:00,205.75
2011-12-26 12:00:00,221.81
2011-12-26 13:00:00,255.47
2011-12-26 14:00:00,239.88
2011-12-26 15:00:00,256.32
2011-12-26 16:00:00,225.61
2011-12-26 17:00:00,255.2
2011-12-26 18:00:00,236.69
2011-12-26 19:00:00,217.65
2011-12-26 20:00:00,149.34
2011-12-26 21:00:00,105.85
2011-12-26 22:00:00,77.98
2011-12-26 23:00:00,53.23
2011-12-27 00:00:00,26.01
2011-12-27 01:00:00,10.44
2011-12-27 02:00:00,6.0
2011-12-27 03:00:00,3.85
2011-12-27 04:00:00,4.3
2011-12-27 05:00:00,20.34
2011-12-27 06:00:00,82.76
2011-12-27 07:00:00,240.66
2011-12-27 08:00:00,390.71
2011-12-27 09:00:00,143.3
2011-12-27 10:00:00,90.75
2011-12-27 11:00:00,118.43
2011-12-27 12:00:00,110.14
2011-12-27 13:00:00,101.61
2011-12-27 14:00:00,109.7
2011-12-27 15:00:00,108.87
2011-12-27 16:00:00,151.28
2011-12-27 17:00:00,204.58
2011-12-27 18:00:00,284.89
2011-12-27 19:00:00,230.76
2011-12-27 20:00:00,149.9
2011-12-27 21:00:00,122.98
2011-12-27 22:00:00,100.8
2011-12-27 23:00:00,54.86
2011-12-28 00:00:00,24.42
2011-12-28 01:00:00,12.27
2011-12-28 02:00:00,6.26
2011-12-28 03:00:00,4.06
2011-12-28 05:00:00,20.21
2011-12-28 06:00:00,79.03
2011-12-28 07:00:00,249.44
2011-12-28 08:00:00,405.76
2011-12-28 09:00:00,224.01
2011-12-28 10:00:00,93.02
2011-12-28 11:00:00,120.28
2011-12-28 12:00:00,138.32
2011-12-28 13:00:00,135.87
2011-12-28 14:00:00,132.48
2011-12-28 15:00:00,137.33
2011-12-28 16:00:00,207.88
2011-12-28 17:00:00,321.28
2011-12-28 18:00:00,306.29
2011-12-28 19:00:00,214.58
2011-12-28 20:00:00,155.48
2011-12-28 21:00:00,107.2
2011-12-28 22:00:00,87.52
2011-12-28 23:00:00,57.85
2011-12-29 00:00:00,35.14
2011-12-29 01:00:00,11.15
2011-12-29 02:00:00,7.36
2011-12-29 03:00:00,3.62
2011-12-29 04:00:00,4.23
2011-12-29 05:00:00,20.06
2011-12-29 06:00:00,75.5
2011-12-29 07:00:00,241.65
2011-12-29 08:00:00,378.44
2011-12-29 09:00:00,227.46
2011-12-29 10:00:00,92.98
2011-12-29 11:00:00,108.76
2011-12-29 12:00:00,136.88
2011-12-29 13:00:00,138.73
2011-12-29 14:00:00,132.57
2011-12-29 15:00:00,134.97
2011-12-29 16:00:00,208.64
2011-12-29 17:00:00,336.32
2011-12-29 18:00:00,320.72
2011-12-29 19:00:00,232.05
2011-12-29 20:00:00,163.42
2011-12-29 21:00:00,121.65
2011-12-29 22:00:00,93.42
2011-12-29 23:00:00,72.56
2011-12-30 00:00:00,36.58
2011-12-30 01:00:00,16.2
2011-12-30 02:00:00,9.76
2011-12-30 03:00:00,4.4
2011-12-30 04:00:00,4.36
2011-12-30 05:00:00,19.56
2011-12-30 06:00:00,79.56
2011-12-30 07:00:00,218.24
2011-12-30 08:00:00,364.57
2011-12-30 09:00:00,222.66
2011-12-30 10:00:00,111.76
2011-12-30 11:00:00,136.95
2011-12-30 12:00:00,165.28
2011-12-30 13:00:00,158.62
2011-12-30 14:00:00,174.69
2011-12-30 15:00:00,188.03
2011-12-30 16:00:00,247.35
2011-12-30 17:00:00,355.37
2011-12-30 18:00:00,341.0
2011-12-30 19:00:00,218.64
2011-12-30 20:00:00,164.2
2011-12-30 21:00:00,124.0
2011-12-30 22:00:00,97.6
2011-12-30 23:00:00,76.69
2011-12-31 00:00:00,59.56
2011-12-31 01:00:00,58.82
2011-12-31 02:00:00,53.38
2011-12-31 03:00:00,20.62
2011-12-31 04:00:00,5.62
2011-12-31 05:00:00,5.84
2011-12-31 06:00:00,12.78
2011-12-31 07:00:00,106.53
2011-12-31 08:00:00,97.22
2011-12-31 09:00:00,149.31
2011-12-31 10:00:00,232.47
2011-12-31 11:00:00,269.52
2011-12-31 12:00:00,369.55
2011-12-31 13:00:00,355.74
2011-12-31 14:00:00,305.03
2011-12-31 15:00:00,307.12
2011-12-31 16:00:00,290.87
2011-12-31 17:00:00,226.46
2011-12-31 18:00:00,202.38
2011-12-31 19:00:00,189.72
2011-12-31 20:00:00,155.74
2011-12-31 21:00:00,121.08
2011-12-31 22:00:00,100.26
2011-12-31 23:00:00,85.15
2012-01-20 00:00:00,24.59
2012-01-20 01:00:00,9.48
2012-01-20 02:00:00,6.15
2012-01-20 03:00:00,3.74
2012-01-20 04:00:00,3.37
2012-01-20 05:00:00,20.64
2012-01-20 06:00:00,79.06
2012-01-20 07:00:00,209.09
2012-01-20 08:00:00,428.18
2012-01-20 09:00:00,211.46
2012-01-20 10:00:00,137.8
2012-01-20 11:00:00,145.58
2012-01-20 12:00:00,149.68
2012-01-20 13:00:00,155.98
2012-01-20 14:00:00,151.0
2012-01-20 15:00:00,146.05
2012-01-20 16:00:00,173.94
2012-01-20 17:00:00,249.61
2012-01-20 18:00:00,246.71
2012-01-20 19:00:00,207.29
2012-01-20 20:00:00,178.31
2012-01-20 21:00:00,95.54
2012-01-20 22:00:00,70.65
2012-01-20 23:00:00,48.16
2012-01-21 00:00:00,39.89
2012-01-21 01:00:00,41.5
2012-01-21 02:00:00,45.63
2012-01-21 03:00:00,16.69
2012-01-21 04:00:00,5.35
2012-01-21 05:00:00,5.09
2012-01-21 06:00:00,7.91
2012-01-21 07:00:00,54.72
2012-01-21 08:00:00,119.53
2012-01-21 09:00:00,151.09
2012-01-21 10:00:00,145.56
2012-01-21 11:00:00,180.16
2012-01-21 12:00:00,199.68
2012-01-21 13:00:00,209.61
2012-01-21 14:00:00,154.6
2012-01-21 15:00:00,155.11
2012-01-21 16:00:00,196.62
2012-01-21 17:00:00,156.62
2012-01-21 18:00:00,150.61
2012-01-21 19:00:00,140.44
2012-01-21 20:00:00,107.2
2012-01-21 21:00:00,68.4
2012-01-21 22:00:00,56.54
2012-01-21 23:00:00,55.47
2012-01-22 00:00:00,54.76
2012-01-22 01:00:00,48.11
2012-01-22 02:00:00,48.26
2012-01-22 03:00:00,22.69
2012-01-22 04:00:00,4.86
2012-01-22 05:00:00,4.32
2012-01-22 06:00:00,6.97
2012-01-22 07:00:00,73.42
2012-01-22 08:00:00,105.55
2012-01-22 09:00:00,136.27
2012-01-22 10:00:00,162.39
2012-01-22 11:00:00,159.98
2012-01-22 12:00:00,182.98
2012-01-22 13:00:00,182.77
2012-01-22 14:00:00,172.3
2012-01-22 15:00:00,175.37
2012-01-22 16:00:00,164.27
2012-01-22 17:00:00,143.45
2012-01-22 18:00:00,132.56
2012-01-22 19:00:00,128.58
2012-01-22 20:00:00,106.95
2012-01-22 21:00:00,63.35
2012-01-22 22:00:00,55.4
2012-01-22 23:00:00,46.93
2012-01-23 00:00:00,16.78
2012-01-23 01:00:00,6.07
2012-01-23 02:00:00,4.77
2012-01-23 03:00:00,3.56
2012-01-23 04:00:00,3.31
2012-01-23 05:00:00,20.64
2012-01-23 06:00:00,77.9
2012-01-23 07:00:00,177.15
2012-01-23 08:00:00,360.64
2012-01-23 09:00:00,214.66
2012-01-23 10:00:00,112.41
2012-01-23 11:00:00,110.72
2012-01-23 12:00:00,98.06
2012-01-23 13:00:00,69.47
2012-01-23 14:00:00,66.6
2012-01-23 15:00:00,178.87
2012-01-23 16:00:00,115.88
2012-01-23 17:00:00,188.58
2012-01-23 18:00:00,197.5
2012-01-23 19:00:00,172.53
2012-01-23 20:00:00,180.7
2012-01-23 21:00:00,96.79
2012-01-23 22:00:00,78.55
2012-01-23 23:00:00,56.22
2012-01-24 00:00:00,21.95
2012-01-24 01:00:00,6.64
2012-01-24 02:00:00,6.69
2012-01-24 03:00:00,3.38
2012-01-24 04:00:00,3.39
2012-01-24 05:00:00,22.08
2012-01-24 06:00:00,76.86
2012-01-24 07:00:00,234.21
2012-01-24 08:00:00,423.0
2012-01-24 09:00:00,200.76
2012-01-24 10:00:00,109.3
2012-01-24 11:00:00,127.94
2012-01-24 12:00:00,128.76
2012-01-24 13:00:00,127.82
2012-01-24 14:00:00,139.59
2012-01-24 15:00:00,176.71
2012-01-24 16:00:00,268.41
2012-01-24 17:00:00,455.12
2012-01-24 18:00:00,405.92
2012-01-24 19:00:00,324.69
2012-01-24 20:00:00,167.32
2012-01-24 21:00:00,139.87
2012-01-24 22:00:00,116.81
2012-01-24 23:00:00,65.37
2012-01-25 00:00:00,16.37
2012-01-25 01:00:00,7.61
2012-01-25 02:00:00,5.92
2012-01-25 03:00:00,3.57
2012-01-25 04:00:00,2.98
2012-01-25 05:00:00,22.94
2012-01-25 06:00:00,74.69
2012-01-25 07:00:00,225.76
2012-01-25 08:00:00,455.39
2012-01-25 09:00:00,217.16
2012-01-25 10:00:00,120.57
2012-01-25 11:00:00,117.88
2012-01-25 12:00:00,145.4
2012-01-25 13:00:00,162.22
2012-01-25 14:00:00,156.47
2012-01-25 15:00:00,182.28
2012-01-25 16:00:00,214.49
2012-01-25 17:00:00,356.44
2012-01-25 18:00:00,258.08
2012-01-25 19:00:00,273.58
2012-01-25 20:00:00,167.22
2012-01-25 21:00:00,135.93
2012-01-25 22:00:00,112.88
2012-01-25 23:00:00,56.69
2012-01-26 00:00:00,26.85
2012-01-26 01:00:00,8.13
2012-01-26 02:00:00,6.43
2012-01-26 03:00:00,3.37
2012-01-26 04:00:00,3.95
2012-01-26 05:00:00,22.48
2012-01-26 06:00:00,80.51
2012-01-26 07:00:00,220.44
2012-01-26 08:00:00,440.94
2012-01-26 09:00:00,220.13
2012-01-26 10:00:00,122.78
2012-01-26 11:00:00,124.28
2012-01-26 12:00:00,152.21
2012-01-26 13:00:00,180.36
2012-01-26 14:00:00,180.96
2012-01-26 15:00:00,193.88
2012-01-26 16:00:00,253.98
2012-01-26 17:00:00,444.85
2012-01-26 18:00:00,438.8
2012-01-26 19:00:00,294.57
2012-01-26 20:00:00,216.14
2012-01-26 21:00:00,141.17
2012-01-26 22:00:00,123.24
2012-01-26 23:00:00,82.88
2012-01-27 00:00:00,34.77
2012-01-27 01:00:00,14.88
2012-01-27 02:00:00,9.13
2012-01-27 03:00:00,4.8
2012-01-27 04:00:00,4.33
2012-01-27 05:00:00,25.66
2012-01-27 06:00:00,101.55
2012-01-27 07:00:00,292.68
2012-01-27 08:00:00,409.16
2012-01-27 09:00:00,206.13
2012-01-27 10:00:00,166.65
2012-01-27 11:00:00,208.33
2012-01-27 12:00:00,260.21
2012-01-27 13:00:00,299.4
2012-01-27 14:00:00,307.11
2012-01-27 15:00:00,277.22
2012-01-27 16:00:00,297.84
2012-01-27 17:00:00,436.84
2012-01-27 18:00:00,389.62
2012-01-27 19:00:00,267.73
2012-01-27 20:00:00,188.55
2012-01-27 21:00:00,147.28
2012-01-27 22:00:00,110.17
2012-01-27 23:00:00,71.08
2012-01-28 00:00:00,69.1
2012-01-28 01:00:00,53.84
2012-01-28 02:00:00,45.96
2012-01-28 03:00:00,23.49
2012-01-28 04:00:00,3.93
2012-01-28 05:00:00,3.57
2012-01-28 06:00:00,8.01
2012-01-28 07:00:00,52.7
2012-01-28 08:00:00,118.99
2012-01-28 09:00:00,140.72
2012-01-28 10:00:00,180.74
2012-01-28 11:00:00,219.35
2012-01-28 12:00:00,223.69
2012-01-28 13:00:00,280.65
2012-01-28 14:00:00,323.78
2012-01-28 15:00:00,337.04
2012-01-28 16:00:00,396.87
2012-01-28 17:00:00,324.28
2012-01-28 18:00:00,316.06
2012-01-28 19:00:00,249.03
2012-01-28 20:00:00,178.21
2012-01-28 21:00:00,129.52
2012-01-28 22:00:00,112.27
2012-01-28 23:00:00,78.96
2012-01-29 00:00:00,72.23
2012-01-29 01:00:00,58.24
2012-01-29 02:00:00,47.6
2012-01-29 03:00:00,27.61
2012-01-29 04:00:00,5.46
2012-01-29 05:00:00,4.47
2012-01-29 06:00:00,5.88
2012-01-29 07:00:00,45.57
2012-01-29 08:00:00,95.65
2012-01-29 09:00:00,120.53
2012-01-29 10:00:00,175.84
2012-01-29 11:00:00,209.13
2012-01-29 12:00:00,245.6
2012-01-29 13:00:00,244.76
2012-01-29 14:00:00,239.92
2012-01-29 15:00:00,335.42
2012-01-29 16:00:00,317.52
2012-01-29 17:00:00,260.23
2012-01-29 18:00:00,238.55
2012-01-29 19:00:00,159.44
2012-01-29 20:00:00,122.72
2012-01-29 21:00:00,95.1
2012-01-29 22:00:00,89.33
2012-01-29 23:00:00,58.23
2012-01-30 00:00:00,27.19
2012-01-30 01:00:00,3.75
2012-01-30 02:00:00,4.46
2012-01-30 03:00:00,2.74
2012-01-30 04:00:00,2.33
2012-01-30 05:00:00,21.19
2012-01-30 06:00:00,76.25
2012-01-30 07:00:00,224.71
2012-01-30 08:00:00,422.64
2012-01-30 09:00:00,204.31
2012-01-30 10:00:00,127.76
2012-01-30 11:00:00,133.9
2012-01-30 12:00:00,147.38
2012-01-30 13:00:00,137.93
2012-01-30 14:00:00,154.98
2012-01-30 15:00:00,147.09
2012-01-30 16:00:00,242.48
2012-01-30 17:00:00,385.64
2012-01-30 18:00:00,374.05
2012-01-30 19:00:00,211.49
2012-01-30 20:00:00,174.08
2012-01-30 21:00:00,131.9
2012-01-30 22:00:00,82.87
2012-01-30 23:00:00,54.91
2012-01-31 00:00:00,17.05
2012-01-31 01:00:00,7.23
2012-01-31 02:00:00,5.7
2012-01-31 03:00:00,3.03
2012-01-31 04:00:00,2.76
2012-01-31 05:00:00,23.35
2012-01-31 06:00:00,77.67
2012-01-31 07:00:00,233.54
2012-01-31 08:00:00,452.71
2012-01-31 09:00:00,218.12
2012-01-31 10:00:00,113.26
2012-01-31 11:00:00,166.56
2012-01-31 12:00:00,169.53
2012-01-31 13:00:00,203.09
2012-01-31 14:00:00,199.51
2012-01-31 15:00:00,207.6
2012-01-31 16:00:00,305.32
2012-01-31 17:00:00,609.67
2012-01-31 18:00:00,601.92
2012-01-31 19:00:00,393.23
2012-01-31 20:00:00,212.4
2012-01-31 21:00:00,153.93
2012-01-31 22:00:00,129.41
2012-01-31 23:00:00,74.5
2012-02-20 00:00:00,43.23
2012-02-20 01:00:00,31.67
2012-02-20 02:00:00,12.71
2012-02-20 03:00:00,4.95
2012-02-20 05:00:00,15.41
2012-02-20 06:00:00,13.28
2012-02-20 07:00:00,47.34
2012-02-20 08:00:00,110.58
2012-02-20 09:00:00,145.71
2012-02-20 10:00:00,176.05
2012-02-20 11:00:00,188.49
2012-02-20 12:00:00,204.25
2012-02-20 13:00:00,222.06
2012-02-20 14:00:00,219.53
2012-02-20 15:00:00,251.71
2012-02-20 16:00:00,328.84
2012-02-20 17:00:00,353.75
2012-02-20 18:00:00,303.18
2012-02-20 19:00:00,231.75
2012-02-20 20:00:00,202.25
2012-02-20 21:00:00,117.1
2012-02-20 22:00:00,93.66
2012-02-20 23:00:00,70.65
2012-02-21 00:00:00,19.94
2012-02-21 01:00:00,5.95
2012-02-21 02:00:00,4.33
2012-02-21 04:00:00,2.76
2012-02-21 05:00:00,22.09
2012-02-21 06:00:00,78.98
2012-02-21 07:00:00,266.26
2012-02-21 08:00:00,464.26
2012-02-21 09:00:00,245.63
2012-02-21 10:00:00,113.02
2012-02-21 11:00:00,110.9
2012-02-21 12:00:00,134.18
2012-02-21 13:00:00,169.15
2012-02-21 14:00:00,142.77
2012-02-21 15:00:00,172.06
2012-02-21 16:00:00,233.99
2012-02-21 17:00:00,397.28
2012-02-21 18:00:00,389.75
2012-02-21 19:00:00,269.56
2012-02-21 20:00:00,199.81
2012-02-21 21:00:00,159.76
2012-02-21 22:00:00,115.09
2012-02-21 23:00:00,58.02
2012-02-22 00:00:00,21.61
2012-02-22 01:00:00,8.84
2012-02-22 02:00:00,6.39
2012-02-22 03:00:00,3.41
2012-02-22 04:00:00,3.42
2012-02-22 05:00:00,24.33
2012-02-22 06:00:00,77.99
2012-02-22 07:00:00,258.33
2012-02-22 08:00:00,448.18
2012-02-22 09:00:00,256.31
2012-02-22 10:00:00,149.92
2012-02-22 11:00:00,153.66
2012-02-22 12:00:00,178.39
2012-02-22 13:00:00,186.75
2012-02-22 14:00:00,191.43
2012-02-22 15:00:00,209.21
2012-02-22 16:00:00,299.91
2012-02-22 17:00:00,604.18
2012-02-22 18:00:00,508.48
2012-02-22 19:00:00,326.03
2012-02-22 20:00:00,247.53
2012-02-22 21:00:00,177.35
2012-02-22 22:00:00,126.61
2012-02-22 23:00:00,70.35
2012-02-23 00:00:00,32.9
2012-02-23 01:00:00,9.88
2012-02-23 02:00:00,7.62
2012-02-23 03:00:00,4.68
2012-02-23 04:00:00,4.68
2012-02-23 05:00:00,25.58
2012-02-23 06:00:00,82.62
2012-02-23 07:00:00,255.99
2012-02-23 08:00:00,411.28
2012-02-23 09:00:00,249.6
2012-02-23 10:00:00,174.82
2012-02-23 11:00:00,188.16
2012-02-23 12:00:00,213.44
2012-02-23 13:00:00,216.04
2012-02-23 14:00:00,214.96
2012-02-23 15:00:00,219.59
2012-02-23 16:00:00,318.78
2012-02-23 17:00:00,631.35
2012-02-23 18:00:00,619.45
2012-02-23 19:00:00,406.24
2012-02-23 20:00:00,259.07
2012-02-23 21:00:00,146.07
2012-02-23 22:00:00,128.66
2012-02-23 23:00:00,97.13
2012-02-24 00:00:00,43.27
2012-02-24 01:00:00,18.06
2012-02-24 02:00:00,8.16
2012-02-24 03:00:00,6.4
2012-02-24 04:00:00,5.84
2012-02-24 05:00:00,24.82
2012-02-24 06:00:00,82.21
2012-02-24 07:00:00,276.29
2012-02-24 08:00:00,409.45
2012-02-24 09:00:00,231.38
2012-02-24 10:00:00,148.9
2012-02-24 11:00:00,193.84
2012-02-24 12:00:00,208.21
2012-02-24 13:00:00,229.37
2012-02-24 14:00:00,241.3
2012-02-24 15:00:00,202.06
2012-02-24 16:00:00,229.06
2012-02-24 17:00:00,372.27
2012-02-24 18:00:00,413.82
2012-02-24 19:00:00,277.18
2012-02-24 20:00:00,193.28
2012-02-24 21:00:00,154.37
2012-02-24 22:00:00,125.42
2012-02-24 23:00:00,86.41
2012-02-25 00:00:00,71.77
2012-02-25 01:00:00,62.98
2012-02-25 02:00:00,46.95
2012-02-25 03:00:00,17.54
2012-02-25 04:00:00,4.42
2012-02-25 05:00:00,3.63
2012-02-25 06:00:00,8.04
2012-02-25 07:00:00,46.44
2012-02-25 08:00:00,85.17
2012-02-25 09:00:00,111.25
2012-02-25 10:00:00,190.5
2012-02-25 11:00:00,214.41
2012-02-25 12:00:00,235.92
2012-02-25 13:00:00,259.84
2012-02-25 14:00:00,224.79
2012-02-25 15:00:00,259.83
2012-02-25 16:00:00,207.82
2012-02-25 17:00:00,191.81
2012-02-25 18:00:00,193.77
2012-02-25 19:00:00,143.09
2012-02-25 20:00:00,129.4
2012-02-25 21:00:00,73.27
2012-02-25 22:00:00,66.3
2012-02-25 23:00:00,59.3
2012-02-26 00:00:00,61.85
2012-02-26 01:00:00,53.81
2012-02-26 02:00:00,45.71
2012-02-26 03:00:00,29.41
2012-02-26 04:00:00,3.91
2012-02-26 05:00:00,3.81
2012-02-26 06:00:00,5.42
2012-02-26 07:00:00,26.48
2012-02-26 08:00:00,76.4
2012-02-26 09:00:00,107.65
2012-02-26 10:00:00,191.78
2012-02-26 11:00:00,221.55
2012-02-26 12:00:00,255.03
2012-02-26 13:00:00,267.67
2012-02-26 14:00:00,328.36
2012-02-26 15:00:00,342.85
2012-02-26 16:00:00,333.1
2012-02-26 17:00:00,274.68
2012-02-26 18:00:00,249.09
2012-02-26 19:00:00,219.32
2012-02-26 20:00:00,141.84
2012-02-26 21:00:00,92.05
2012-02-26 22:00:00,81.79
2012-02-26 23:00:00,50.09
2012-02-27 00:00:00,17.12
2012-02-27 01:00:00,5.84
2012-02-27 02:00:00,4.9
2012-02-27 03:00:00,3.12
2012-02-27 04:00:00,2.45
2012-02-27 05:00:00,21.59
2012-02-27 06:00:00,80.85
2012-02-27 07:00:00,245.99
2012-02-27 08:00:00,447.51
2012-02-27 09:00:00,236.22
2012-02-27 10:00:00,136.09
2012-02-27 11:00:00,160.24
2012-02-27 12:00:00,187.58
2012-02-27 13:00:00,184.23
2012-02-27 14:00:00,200.65
2012-02-27 15:00:00,215.51
2012-02-27 16:00:00,306.44
2012-02-27 17:00:00,612.08
2012-02-27 18:00:00,606.0
2012-02-27 19:00:00,388.92
2012-02-27 20:00:00,278.01
2012-02-27 21:00:00,156.24
2012-02-27 22:00:00,124.11
2012-02-27 23:00:00,65.49
2012-02-28 00:00:00,26.96
2012-02-28 01:00:00,8.82
2012-02-28 02:00:00,8.75
2012-02-28 03:00:00,4.98
2012-02-28 04:00:00,2.31
2012-02-28 05:00:00,24.7
2012-02-28 06:00:00,84.12
2012-02-28 07:00:00,256.42
2012-02-28 08:00:00,433.93
2012-02-28 09:00:00,246.51
2012-02-28 10:00:00,134.63
2012-02-28 11:00:00,164.88
2012-02-28 12:00:00,175.3
2012-02-28 13:00:00,194.73
2012-02-28 14:00:00,192.21
2012-02-28 15:00:00,201.1
2012-02-28 16:00:00,290.38
2012-02-28 17:00:00,484.76
2012-02-28 18:00:00,482.18
2012-02-28 19:00:00,283.18
2012-02-28 20:00:00,210.68
2012-02-28 21:00:00,140.86
2012-02-28 22:00:00,113.26
2012-02-28 23:00:00,57.8
2012-02-29 00:00:00,24.58
2012-02-29 01:00:00,8.3
2012-02-29 02:00:00,5.32
2012-02-29 03:00:00,2.84
2012-02-29 05:00:00,24.05
2012-02-29 06:00:00,81.1
2012-02-29 07:00:00,249.59
2012-02-29 08:00:00,459.06
2012-02-29 09:00:00,181.24
2012-02-29 10:00:00,67.04
2012-02-29 11:00:00,66.39
2012-02-29 12:00:00,81.24
2012-02-29 13:00:00,145.12
2012-02-29 14:00:00,143.99
2012-02-29 15:00:00,174.38
2012-02-29 16:00:00,218.74
2012-02-29 17:00:00,376.57
2012-02-29 18:00:00,353.15
2012-02-29 19:00:00,293.98
2012-02-29 20:00:00,209.61
2012-02-29 21:00:00,138.21
2012-02-29 22:00:00,94.05
2012-02-29 23:00:00,59.11
2012-03-20 00:00:00,31.94
2012-03-20 01:00:00,17.23
2012-03-20 02:00:00,6.97
2012-03-20 03:00:00,4.54
2012-03-20 04:00:00,4.86
2012-03-20 05:00:00,26.69
2012-03-20 06:00:00,123.37
2012-03-20 07:00:00,143.66
2012-03-20 08:00:00,526.08
2012-03-20 09:00:00,333.14
2012-03-20 10:00:00,159.63
2012-03-20 11:00:00,144.63
2012-03-20 12:00:00,225.11
2012-03-20 13:00:00,226.34
2012-03-20 14:00:00,220.76
2012-03-20 15:00:00,263.0
2012-03-20 16:00:00,301.51
2012-03-20 17:00:00,722.49
2012-03-20 18:00:00,724.08
2012-03-20 19:00:00,448.54
2012-03-20 20:00:00,354.43
2012-03-20 21:00:00,247.36
2012-03-20 22:00:00,176.17
2012-03-20 23:00:00,99.49
2012-03-21 00:00:00,34.13
2012-03-21 01:00:00,18.2
2012-03-21 02:00:00,6.93
2012-03-21 03:00:00,4.33
2012-03-21 04:00:00,4.99
2012-03-21 05:00:00,29.22
2012-03-21 06:00:00,124.18
2012-03-21 07:00:00,195.0
2012-03-21 08:00:00,377.83
2012-03-21 09:00:00,332.81
2012-03-21 10:00:00,161.53
2012-03-21 11:00:00,141.7
2012-03-21 12:00:00,224.72
2012-03-21 13:00:00,212.04
2012-03-21 14:00:00,219.83
2012-03-21 15:00:00,222.99
2012-03-21 16:00:00,285.82
2012-03-21 17:00:00,742.09
2012-03-21 18:00:00,739.51
2012-03-21 19:00:00,498.88
2012-03-21 20:00:00,330.05
2012-03-21 21:00:00,259.47
2012-03-21 22:00:00,203.23
2012-03-21 23:00:00,134.15
2012-03-22 00:00:00,42.68
2012-03-22 01:00:00,18.98
2012-03-22 02:00:00,8.28
2012-03-22 03:00:00,5.6
2012-03-22 04:00:00,4.69
2012-03-22 05:00:00,28.55
2012-03-22 06:00:00,124.57
2012-03-22 07:00:00,325.61
2012-03-22 08:00:00,556.8
2012-03-22 09:00:00,318.41
2012-03-22 10:00:00,165.03
2012-03-22 11:00:00,149.5
2012-03-22 12:00:00,183.8
2012-03-22 13:00:00,237.23
2012-03-22 14:00:00,234.19
2012-03-22 15:00:00,259.1
2012-03-22 16:00:00,351.62
2012-03-22 17:00:00,770.81
2012-03-22 18:00:00,774.95
2012-03-22 19:00:00,498.3
2012-03-22 20:00:00,357.76
2012-03-22 21:00:00,265.7
2012-03-22 22:00:00,211.93
2012-03-22 23:00:00,163.34
2012-03-23 00:00:00,46.2
2012-03-23 01:00:00,28.43
2012-03-23 02:00:00,9.19
2012-03-23 03:00:00,5.99
2012-03-23 04:00:00,5.28
2012-03-23 05:00:00,28.44
2012-03-23 06:00:00,122.18
2012-03-23 07:00:00,340.74
2012-03-23 08:00:00,561.48
2012-03-23 09:00:00,320.86
2012-03-23 10:00:00,204.78
2012-03-23 11:00:00,250.07
2012-03-23 12:00:00,340.47
2012-03-23 13:00:00,361.81
2012-03-23 14:00:00,355.77
2012-03-23 15:00:00,357.78
2012-03-23 16:00:00,502.8
2012-03-23 17:00:00,758.99
2012-03-23 18:00:00,719.71
2012-03-23 19:00:00,475.81
2012-03-23 20:00:00,343.32
2012-03-23 21:00:00,291.13
2012-03-23 22:00:00,270.13
2012-03-23 23:00:00,175.26
2012-03-24 00:00:00,113.7
2012-03-24 01:00:00,99.21
2012-03-24 02:00:00,67.54
2012-03-24 03:00:00,28.36
2012-03-24 04:00:00,13.8
2012-03-24 05:00:00,18.18
2012-03-24 06:00:00,67.52
2012-03-24 07:00:00,87.44
2012-03-24 08:00:00,189.4
2012-03-24 09:00:00,307.7
2012-03-24 10:00:00,368.53
2012-03-24 11:00:00,387.8
2012-03-24 12:00:00,219.67
2012-03-24 13:00:00,216.65
2012-03-24 14:00:00,216.14
2012-03-24 15:00:00,216.92
2012-03-24 16:00:00,246.53
2012-03-24 17:00:00,269.76
2012-03-24 18:00:00,256.09
2012-03-24 19:00:00,231.23
2012-03-24 20:00:00,182.95
2012-03-24 21:00:00,154.45
2012-03-24 22:00:00,114.09
2012-03-24 23:00:00,104.12
2012-03-25 00:00:00,86.96
2012-03-25 01:00:00,72.26
2012-03-25 02:00:00,54.59
2012-03-25 03:00:00,18.84
2012-03-25 04:00:00,10.19
2012-03-25 05:00:00,11.8
2012-03-25 06:00:00,12.48
2012-03-25 07:00:00,81.99
2012-03-25 08:00:00,128.86
2012-03-25 09:00:00,193.14
2012-03-25 10:00:00,266.6
2012-03-25 11:00:00,359.96
2012-03-25 12:00:00,382.55
2012-03-25 13:00:00,395.0
2012-03-25 14:00:00,405.83
2012-03-25 15:00:00,403.85
2012-03-25 16:00:00,383.34
2012-03-25 17:00:00,480.57
2012-03-25 18:00:00,454.9
2012-03-25 19:00:00,294.08
2012-03-25 20:00:00,231.85
2012-03-25 21:00:00,146.26
2012-03-25 22:00:00,109.75
2012-03-25 23:00:00,85.53
2012-03-26 00:00:00,25.85
2012-03-26 01:00:00,13.92
2012-03-26 02:00:00,8.2
2012-03-26 03:00:00,5.29
2012-03-26 04:00:00,6.09
2012-03-26 05:00:00,29.08
2012-03-26 06:00:00,115.8
2012-03-26 07:00:00,392.58
2012-03-26 08:00:00,617.92
2012-03-26 09:00:00,310.09
2012-03-26 10:00:00,188.26
2012-03-26 11:00:00,219.99
2012-03-26 12:00:00,238.83
2012-03-26 13:00:00,238.02
2012-03-26 14:00:00,235.52
2012-03-26 15:00:00,245.71
2012-03-26 16:00:00,346.15
2012-03-26 17:00:00,565.77
2012-03-26 18:00:00,541.82
2012-03-26 19:00:00,330.88
2012-03-26 20:00:00,245.99
2012-03-26 21:00:00,181.41
2012-03-26 22:00:00,110.97
2012-03-26 23:00:00,75.99
2012-03-27 00:00:00,36.53
2012-03-27 01:00:00,10.65
2012-03-27 02:00:00,7.51
2012-03-27 03:00:00,3.0
2012-03-27 04:00:00,2.66
2012-03-27 05:00:00,24.82
2012-03-27 06:00:00,94.38
2012-03-27 07:00:00,317.4
2012-03-27 08:00:00,535.05
2012-03-27 09:00:00,292.09
2012-03-27 10:00:00,175.9
2012-03-27 11:00:00,173.72
2012-03-27 12:00:00,196.64
2012-03-27 13:00:00,199.57
2012-03-27 14:00:00,205.73
2012-03-27 15:00:00,216.98
2012-03-27 16:00:00,322.98
2012-03-27 17:00:00,547.54
2012-03-27 18:00:00,510.23
2012-03-27 19:00:00,339.01
2012-03-27 20:00:00,279.32
2012-03-27 21:00:00,163.71
2012-03-27 22:00:00,118.27
2012-03-27 23:00:00,82.12
2012-03-28 00:00:00,25.59
2012-03-28 01:00:00,12.54
2012-03-28 02:00:00,6.32
2012-03-28 03:00:00,3.39
2012-03-28 04:00:00,3.73
2012-03-28 05:00:00,27.77
2012-03-28 06:00:00,109.62
2012-03-28 07:00:00,329.24
2012-03-28 08:00:00,587.0
2012-03-28 09:00:00,320.31
2012-03-28 10:00:00,203.98
2012-03-28 11:00:00,225.38
2012-03-28 12:00:00,256.83
2012-03-28 13:00:00,247.74
2012-03-28 14:00:00,251.28
2012-03-28 15:00:00,265.31
2012-03-28 16:00:00,304.13
2012-03-28 17:00:00,759.92
2012-03-28 18:00:00,760.07
2012-03-28 19:00:00,490.87
2012-03-28 20:00:00,368.34
2012-03-28 21:00:00,279.61
2012-03-28 22:00:00,220.24
2012-03-28 23:00:00,127.34
2012-03-29 00:00:00,44.22
2012-03-29 01:00:00,20.28
2012-03-29 02:00:00,9.73
2012-03-29 03:00:00,6.1
2012-03-29 04:00:00,6.06
2012-03-29 05:00:00,29.55
2012-03-29 06:00:00,122.81
2012-03-29 07:00:00,388.58
2012-03-29 08:00:00,629.76
2012-03-29 09:00:00,328.53
2012-03-29 10:00:00,190.24
2012-03-29 11:00:00,224.95
2012-03-29 12:00:00,241.81
2012-03-29 13:00:00,229.35
2012-03-29 14:00:00,234.83
2012-03-29 15:00:00,255.59
2012-03-29 16:00:00,375.96
2012-03-29 17:00:00,684.92
2012-03-29 18:00:00,677.44
2012-03-29 19:00:00,437.98
2012-03-29 20:00:00,304.51
2012-03-29 21:00:00,178.38
2012-03-29 22:00:00,141.35
2012-03-29 23:00:00,105.24
2012-03-30 00:00:00,49.18
2012-03-30 01:00:00,22.24
2012-03-30 02:00:00,9.49
2012-03-30 03:00:00,4.8
2012-03-30 04:00:00,4.55
2012-03-30 05:00:00,25.1
2012-03-30 06:00:00,90.6
2012-03-30 07:00:00,311.27
2012-03-30 08:00:00,577.08
2012-03-30 09:00:00,305.6
2012-03-30 10:00:00,180.87
2012-03-30 11:00:00,195.08
2012-03-30 12:00:00,236.16
2012-03-30 13:00:00,174.36
2012-03-30 14:00:00,166.04
2012-03-30 15:00:00,168.94
2012-03-30 16:00:00,258.07
2012-03-30 17:00:00,494.01
2012-03-30 18:00:00,505.86
2012-03-30 19:00:00,318.2
2012-03-30 20:00:00,234.77
2012-03-30 21:00:00,166.76
2012-03-30 22:00:00,137.37
2012-03-30 23:00:00,123.06
2012-03-31 00:00:00,86.62
2012-03-31 01:00:00,70.78
2012-03-31 02:00:00,55.24
2012-03-31 03:00:00,23.94
2012-03-31 04:00:00,9.86
2012-03-31 05:00:00,11.25
2012-03-31 06:00:00,14.12
2012-03-31 07:00:00,72.95
2012-03-31 08:00:00,136.36
2012-03-31 09:00:00,241.9
2012-03-31 10:00:00,287.4
2012-03-31 11:00:00,458.22
2012-03-31 12:00:00,480.75
2012-03-31 13:00:00,555.43
2012-03-31 14:00:00,509.1
2012-03-31 15:00:00,532.6
2012-03-31 16:00:00,494.44
2012-03-31 17:00:00,472.56
2012-03-31 18:00:00,331.31
2012-03-31 19:00:00,250.82
2012-03-31 20:00:00,201.46
2012-03-31 21:00:00,164.15
2012-03-31 22:00:00,138.86
2012-03-31 23:00:00,92.42
2012-04-20 00:00:00,52.61
2012-04-20 01:00:00,29.31
2012-04-20 02:00:00,8.39
2012-04-20 03:00:00,6.5
2012-04-20 04:00:00,5.89
2012-04-20 05:00:00,28.69
2012-04-20 06:00:00,114.65
2012-04-20 07:00:00,365.21
2012-04-20 08:00:00,633.08
2012-04-20 09:00:00,339.32
2012-04-20 10:00:00,210.49
2012-04-20 11:00:00,260.83
2012-04-20 12:00:00,365.02
2012-04-20 13:00:00,376.48
2012-04-20 14:00:00,375.08
2012-04-20 15:00:00,383.18
2012-04-20 16:00:00,515.86
2012-04-20 17:00:00,741.66
2012-04-20 18:00:00,693.21
2012-04-20 19:00:00,477.49
2012-04-20 20:00:00,320.93
2012-04-20 21:00:00,267.01
2012-04-20 22:00:00,225.84
2012-04-20 23:00:00,169.21
2012-04-21 00:00:00,111.09
2012-04-21 01:00:00,100.8
2012-04-21 02:00:00,70.18
2012-04-21 03:00:00,30.49
2012-04-21 04:00:00,12.7
2012-04-21 05:00:00,15.4
2012-04-21 06:00:00,58.67
2012-04-21 07:00:00,83.39
2012-04-21 08:00:00,189.25
2012-04-21 09:00:00,312.95
2012-04-21 10:00:00,442.78
2012-04-21 11:00:00,517.78
2012-04-21 12:00:00,595.89
2012-04-21 13:00:00,630.57
2012-04-21 14:00:00,627.11
2012-04-21 15:00:00,634.71
2012-04-21 16:00:00,612.66
2012-04-21 17:00:00,614.28
2012-04-21 18:00:00,540.37
2012-04-21 19:00:00,323.45
2012-04-21 20:00:00,211.09
2012-04-21 21:00:00,200.95
2012-04-21 22:00:00,183.72
2012-04-21 23:00:00,106.36
2012-04-22 00:00:00,105.91
2012-04-22 01:00:00,95.38
2012-04-22 02:00:00,66.48
2012-04-22 03:00:00,27.11
2012-04-22 04:00:00,11.55
2012-04-22 05:00:00,12.81
2012-04-22 06:00:00,19.68
2012-04-22 07:00:00,79.43
2012-04-22 08:00:00,97.55
2012-04-22 09:00:00,124.19
2012-04-22 10:00:00,206.73
2012-04-22 11:00:00,217.99
2012-04-22 12:00:00,213.48
2012-04-22 13:00:00,250.05
2012-04-22 14:00:00,217.96
2012-04-22 15:00:00,219.82
2012-04-22 16:00:00,249.78
2012-04-22 17:00:00,206.44
2012-04-22 18:00:00,193.87
2012-04-22 19:00:00,171.71
2012-04-22 20:00:00,150.33
2012-04-22 21:00:00,104.79
2012-04-22 22:00:00,75.48
2012-04-22 23:00:00,57.16
2012-04-23 00:00:00,22.66
2012-04-23 01:00:00,8.93
2012-04-23 02:00:00,6.49
2012-04-23 03:00:00,3.23
2012-04-23 04:00:00,3.77
2012-04-23 05:00:00,24.98
2012-04-23 06:00:00,92.77
2012-04-23 07:00:00,258.58
2012-04-23 08:00:00,574.28
2012-04-23 09:00:00,292.26
2012-04-23 10:00:00,161.18
2012-04-23 11:00:00,164.06
2012-04-23 12:00:00,163.63
2012-04-23 13:00:00,161.31
2012-04-23 14:00:00,162.26
2012-04-23 15:00:00,174.97
2012-04-23 16:00:00,265.91
2012-04-23 17:00:00,405.26
2012-04-23 18:00:00,418.46
2012-04-23 19:00:00,365.35
2012-04-23 20:00:00,261.86
2012-04-23 21:00:00,173.1
2012-04-23 22:00:00,106.31
2012-04-23 23:00:00,79.64
2012-04-24 00:00:00,25.17
2012-04-24 01:00:00,11.6
2012-04-24 02:00:00,6.58
2012-04-24 03:00:00,3.37
2012-04-24 04:00:00,2.95
2012-04-24 05:00:00,26.75
2012-04-24 06:00:00,97.31
2012-04-24 07:00:00,343.15
2012-04-24 08:00:00,633.72
2012-04-24 09:00:00,324.04
2012-04-24 10:00:00,192.08
2012-04-24 11:00:00,218.13
2012-04-24 12:00:00,243.37
2012-04-24 13:00:00,241.29
2012-04-24 14:00:00,247.16
2012-04-24 15:00:00,250.65
2012-04-24 16:00:00,397.67
2012-04-24 17:00:00,710.04
2012-04-24 18:00:00,716.98
2012-04-24 19:00:00,503.74
2012-04-24 20:00:00,339.85
2012-04-24 21:00:00,205.49
2012-04-24 22:00:00,160.23
2012-04-24 23:00:00,121.16
2012-04-25 00:00:00,35.92
2012-04-25 01:00:00,13.03
2012-04-25 02:00:00,7.17
2012-04-25 03:00:00,3.79
2012-04-25 04:00:00,4.03
2012-04-25 05:00:00,27.89
2012-04-25 06:00:00,103.22
2012-04-25 07:00:00,386.71
2012-04-25 08:00:00,640.45
2012-04-25 09:00:00,346.57
2012-04-25 10:00:00,197.95
2012-04-25 11:00:00,240.29
2012-04-25 12:00:00,267.36
2012-04-25 13:00:00,266.9
2012-04-25 14:00:00,251.87
2012-04-25 15:00:00,275.19
2012-04-25 16:00:00,390.97
2012-04-25 17:00:00,763.79
2012-04-25 18:00:00,757.45
2012-04-25 19:00:00,525.46
2012-04-25 20:00:00,367.98
2012-04-25 21:00:00,272.32
2012-04-25 22:00:00,215.47
2012-04-25 23:00:00,115.97
2012-04-26 00:00:00,42.21
2012-04-26 01:00:00,16.66
2012-04-26 02:00:00,8.88
2012-04-26 03:00:00,4.7
2012-04-26 04:00:00,5.06
2012-04-26 05:00:00,30.34
2012-04-26 06:00:00,127.48
2012-04-26 07:00:00,281.33
2012-04-26 08:00:00,459.52
2012-04-26 09:00:00,189.56
2012-04-26 10:00:00,172.34
2012-04-26 11:00:00,173.61
2012-04-26 12:00:00,212.52
2012-04-26 13:00:00,207.66
2012-04-26 14:00:00,212.14
2012-04-26 15:00:00,209.01
2012-04-26 16:00:00,276.59
2012-04-26 17:00:00,609.74
2012-04-26 18:00:00,587.63
2012-04-26 19:00:00,360.02
2012-04-26 20:00:00,329.61
2012-04-26 21:00:00,258.46
2012-04-26 22:00:00,216.98
2012-04-26 23:00:00,146.91
2012-04-27 00:00:00,55.39
2012-04-27 01:00:00,30.61
2012-04-27 02:00:00,12.79
2012-04-27 03:00:00,7.0
2012-04-27 04:00:00,5.95
2012-04-27 05:00:00,29.8
2012-04-27 06:00:00,106.38
2012-04-27 07:00:00,345.31
2012-04-27 08:00:00,648.08
2012-04-27 09:00:00,336.17
2012-04-27 10:00:00,208.13
2012-04-27 11:00:00,237.47
2012-04-27 12:00:00,320.49
2012-04-27 13:00:00,320.15
2012-04-27 14:00:00,318.79
2012-04-27 15:00:00,395.63
2012-04-27 16:00:00,513.36
2012-04-27 17:00:00,689.58
2012-04-27 18:00:00,645.39
2012-04-27 19:00:00,422.95
2012-04-27 20:00:00,290.07
2012-04-27 21:00:00,189.09
2012-04-27 22:00:00,155.34
2012-04-27 23:00:00,115.96
2012-04-28 00:00:00,88.02
2012-04-28 01:00:00,65.49
2012-04-28 02:00:00,52.49
2012-04-28 03:00:00,24.24
2012-04-28 04:00:00,9.55
2012-04-28 05:00:00,9.23
2012-04-28 06:00:00,21.14
2012-04-28 07:00:00,69.61
2012-04-28 08:00:00,151.13
2012-04-28 09:00:00,271.53
2012-04-28 10:00:00,309.69
2012-04-28 11:00:00,410.87
2012-04-28 12:00:00,422.14
2012-04-28 13:00:00,455.88
2012-04-28 14:00:00,488.45
2012-04-28 15:00:00,484.05
2012-04-28 16:00:00,471.33
2012-04-28 17:00:00,407.5
2012-04-28 18:00:00,259.79
2012-04-28 19:00:00,232.12
2012-04-28 20:00:00,215.11
2012-04-28 21:00:00,163.18
2012-04-28 22:00:00,149.77
2012-04-28 23:00:00,137.08
2012-04-29 00:00:00,54.83
2012-04-29 01:00:00,69.57
2012-04-29 02:00:00,61.81
2012-04-29 03:00:00,23.96
2012-04-29 04:00:00,11.79
2012-04-29 05:00:00,11.61
2012-04-29 06:00:00,15.89
2012-04-29 07:00:00,63.89
2012-04-29 08:00:00,112.74
2012-04-29 09:00:00,207.47
2012-04-29 10:00:00,337.08
2012-04-29 11:00:00,467.13
2012-04-29 12:00:00,522.07
2012-04-29 13:00:00,509.16
2012-04-29 14:00:00,524.07
2012-04-29 15:00:00,519.03
2012-04-29 16:00:00,554.1
2012-04-29 17:00:00,548.48
2012-04-29 18:00:00,505.09
2012-04-29 19:00:00,334.84
2012-04-29 20:00:00,289.38
2012-04-29 21:00:00,173.65
2012-04-29 22:00:00,124.08
2012-04-29 23:00:00,97.0
2012-04-30 00:00:00,29.69
2012-04-30 01:00:00,13.7
2012-04-30 02:00:00,10.0
2012-04-30 03:00:00,4.93
2012-04-30 04:00:00,4.82
2012-04-30 05:00:00,28.65
2012-04-30 06:00:00,115.07
2012-04-30 07:00:00,366.32
2012-04-30 08:00:00,626.87
2012-04-30 09:00:00,301.29
2012-04-30 10:00:00,201.56
2012-04-30 11:00:00,199.51
2012-04-30 12:00:00,224.91
2012-04-30 13:00:00,235.7
2012-04-30 14:00:00,245.22
2012-04-30 15:00:00,261.56
2012-04-30 16:00:00,366.3
2012-04-30 17:00:00,757.31
2012-04-30 18:00:00,728.68
2012-04-30 19:00:00,484.33
2012-04-30 20:00:00,326.01
2012-04-30 21:00:00,244.9
2012-04-30 22:00:00,162.82
2012-04-30 23:00:00,80.81
2012-05-20 00:00:00,160.28
2012-05-20 01:00:00,104.75
2012-05-20 02:00:00,75.41
2012-05-20 03:00:00,32.54
2012-05-20 04:00:00,17.21
2012-05-20 05:00:00,14.24
2012-05-20 06:00:00,26.5
2012-05-20 07:00:00,55.96
2012-05-20 08:00:00,141.66
2012-05-20 09:00:00,246.19
2012-05-20 10:00:00,412.97
2012-05-20 11:00:00,530.73
2012-05-20 12:00:00,586.68
2012-05-20 13:00:00,579.34
2012-05-20 14:00:00,565.81
2012-05-20 15:00:00,562.31
2012-05-20 16:00:00,582.93
2012-05-20 17:00:00,553.06
2012-05-20 18:00:00,499.42
2012-05-20 19:00:00,372.71
2012-05-20 20:00:00,294.81
2012-05-20 21:00:00,213.46
2012-05-20 22:00:00,125.49
2012-05-20 23:00:00,71.95
2012-05-21 00:00:00,35.86
2012-05-21 01:00:00,16.96
2012-05-21 02:00:00,7.53
2012-05-21 03:00:00,5.35
2012-05-21 04:00:00,5.62
2012-05-21 05:00:00,27.06
2012-05-21 06:00:00,91.16
2012-05-21 07:00:00,193.36
2012-05-21 08:00:00,246.97
2012-05-21 09:00:00,111.18
2012-05-21 10:00:00,98.15
2012-05-21 11:00:00,123.62
2012-05-21 12:00:00,178.9
2012-05-21 13:00:00,105.24
2012-05-21 14:00:00,114.31
2012-05-21 15:00:00,204.14
2012-05-21 16:00:00,281.12
2012-05-21 17:00:00,773.92
2012-05-21 18:00:00,720.31
2012-05-21 19:00:00,517.8
2012-05-21 20:00:00,397.14
2012-05-21 21:00:00,285.54
2012-05-21 22:00:00,162.72
2012-05-21 23:00:00,87.54
2012-05-22 00:00:00,42.86
2012-05-22 01:00:00,17.01
2012-05-22 02:00:00,10.27
2012-05-22 03:00:00,6.46
2012-05-22 04:00:00,5.82
2012-05-22 05:00:00,27.13
2012-05-22 06:00:00,103.63
2012-05-22 07:00:00,180.68
2012-05-22 08:00:00,510.19
2012-05-22 09:00:00,333.78
2012-05-22 10:00:00,176.65
2012-05-22 11:00:00,216.69
2012-05-22 12:00:00,199.53
2012-05-22 13:00:00,216.59
2012-05-22 14:00:00,204.41
2012-05-22 15:00:00,277.02
2012-05-22 16:00:00,361.26
2012-05-22 17:00:00,789.84
2012-05-22 18:00:00,781.73
2012-05-22 19:00:00,517.39
2012-05-22 20:00:00,403.69
2012-05-22 21:00:00,280.03
2012-05-22 22:00:00,221.1
2012-05-22 23:00:00,100.05
2012-05-23 00:00:00,46.1
2012-05-23 01:00:00,18.25
2012-05-23 02:00:00,10.4
2012-05-23 03:00:00,6.7
2012-05-23 04:00:00,6.84
2012-05-23 05:00:00,30.19
2012-05-23 06:00:00,152.96
2012-05-23 07:00:00,416.14
2012-05-23 08:00:00,600.98
2012-05-23 09:00:00,335.38
2012-05-23 10:00:00,177.9
2012-05-23 11:00:00,226.8
2012-05-23 12:00:00,283.08
2012-05-23 13:00:00,200.68
2012-05-23 14:00:00,258.39
2012-05-23 15:00:00,286.23
2012-05-23 16:00:00,295.73
2012-05-23 17:00:00,721.88
2012-05-23 18:00:00,727.24
2012-05-23 19:00:00,356.5
2012-05-23 20:00:00,285.91
2012-05-23 21:00:00,253.89
2012-05-23 22:00:00,194.28
2012-05-23 23:00:00,150.62
2012-05-24 00:00:00,61.95
2012-05-24 01:00:00,21.0
2012-05-24 02:00:00,13.57
2012-05-24 03:00:00,5.76
2012-05-24 04:00:00,6.01
2012-05-24 05:00:00,31.8
2012-05-24 06:00:00,147.34
2012-05-24 07:00:00,442.23
2012-05-24 08:00:00,666.9
2012-05-24 09:00:00,334.68
2012-05-24 10:00:00,178.36
2012-05-24 11:00:00,230.98
2012-05-24 12:00:00,290.79
2012-05-24 13:00:00,290.62
2012-05-24 14:00:00,268.35
2012-05-24 15:00:00,288.71
2012-05-24 16:00:00,370.18
2012-05-24 17:00:00,805.19
2012-05-24 18:00:00,799.07
2012-05-24 19:00:00,557.5
2012-05-24 20:00:00,415.94
2012-05-24 21:00:00,252.12
2012-05-24 22:00:00,209.44
2012-05-24 23:00:00,139.86
2012-05-25 00:00:00,70.34
2012-05-25 01:00:00,42.02
2012-05-25 02:00:00,12.64
2012-05-25 03:00:00,7.3
2012-05-25 04:00:00,7.33
2012-05-25 05:00:00,32.51
2012-05-25 06:00:00,151.03
2012-05-25 07:00:00,389.95
2012-05-25 08:00:00,583.13
2012-05-25 09:00:00,297.03
2012-05-25 10:00:00,221.67
2012-05-25 11:00:00,248.86
2012-05-25 12:00:00,347.65
2012-05-25 13:00:00,349.89
2012-05-25 14:00:00,346.15
2012-05-25 15:00:00,341.89
2012-05-25 16:00:00,488.86
2012-05-25 17:00:00,738.62
2012-05-25 18:00:00,700.4
2012-05-25 19:00:00,506.39
2012-05-25 20:00:00,360.12
2012-05-25 21:00:00,293.72
2012-05-25 22:00:00,289.89
2012-05-25 23:00:00,207.71
2012-05-26 00:00:00,142.36
2012-05-26 01:00:00,111.97
2012-05-26 02:00:00,66.42
2012-05-26 03:00:00,29.5
2012-05-26 04:00:00,10.91
2012-05-26 05:00:00,11.8
2012-05-26 06:00:00,40.43
2012-05-26 07:00:00,73.96
2012-05-26 08:00:00,193.66
2012-05-26 09:00:00,294.81
2012-05-26 10:00:00,404.16
2012-05-26 11:00:00,503.92
2012-05-26 12:00:00,491.7
2012-05-26 13:00:00,506.02
2012-05-26 14:00:00,498.07
2012-05-26 15:00:00,500.78
2012-05-26 16:00:00,523.89
2012-05-26 17:00:00,578.97
2012-05-26 18:00:00,547.2
2012-05-26 19:00:00,411.85
2012-05-26 20:00:00,283.24
2012-05-26 21:00:00,236.92
2012-05-26 22:00:00,278.1
2012-05-26 23:00:00,211.75
2012-05-27 00:00:00,159.95
2012-05-27 01:00:00,112.24
2012-05-27 02:00:00,80.88
2012-05-27 03:00:00,35.41
2012-05-27 04:00:00,11.1
2012-05-27 05:00:00,11.69
2012-05-27 06:00:00,24.38
2012-05-27 07:00:00,57.24
2012-05-27 08:00:00,146.64
2012-05-27 09:00:00,240.71
2012-05-27 10:00:00,406.31
2012-05-27 11:00:00,435.22
2012-05-27 12:00:00,428.94
2012-05-27 13:00:00,483.16
2012-05-27 14:00:00,479.96
2012-05-27 15:00:00,498.13
2012-05-27 16:00:00,509.47
2012-05-27 17:00:00,552.15
2012-05-27 18:00:00,503.27
2012-05-27 19:00:00,379.8
2012-05-27 20:00:00,313.99
2012-05-27 21:00:00,186.44
2012-05-27 22:00:00,86.43
2012-05-27 23:00:00,73.7
2012-05-28 00:00:00,105.5
2012-05-28 01:00:00,76.98
2012-05-28 02:00:00,32.9
2012-05-28 03:00:00,16.33
2012-05-28 04:00:00,13.24
2012-05-28 05:00:00,25.96
2012-05-28 06:00:00,50.89
2012-05-28 07:00:00,277.56
2012-05-28 08:00:00,220.68
2012-05-28 09:00:00,276.94
2012-05-28 10:00:00,280.73
2012-05-28 11:00:00,296.18
2012-05-28 12:00:00,369.46
2012-05-28 13:00:00,373.83
2012-05-28 14:00:00,374.99
2012-05-28 15:00:00,371.65
2012-05-28 16:00:00,370.89
2012-05-28 17:00:00,552.62
2012-05-28 18:00:00,531.69
2012-05-28 19:00:00,485.5
2012-05-28 20:00:00,399.29
2012-05-28 21:00:00,281.58
2012-05-28 22:00:00,250.6
2012-05-28 23:00:00,119.93
2012-05-29 00:00:00,47.18
2012-05-29 01:00:00,19.54
2012-05-29 02:00:00,11.92
2012-05-29 03:00:00,5.92
2012-05-29 04:00:00,8.1
2012-05-29 05:00:00,30.49
2012-05-29 06:00:00,163.64
2012-05-29 07:00:00,443.51
2012-05-29 08:00:00,656.21
2012-05-29 09:00:00,329.68
2012-05-29 10:00:00,179.35
2012-05-29 11:00:00,219.88
2012-05-29 12:00:00,268.47
2012-05-29 13:00:00,262.9
2012-05-29 14:00:00,261.71
2012-05-29 15:00:00,268.83
2012-05-29 16:00:00,368.19
2012-05-29 17:00:00,778.49
2012-05-29 18:00:00,769.7
2012-05-29 19:00:00,553.53
2012-05-29 20:00:00,369.67
2012-05-29 21:00:00,202.41
2012-05-29 22:00:00,177.94
2012-05-29 23:00:00,81.61
2012-05-30 00:00:00,37.16
2012-05-30 01:00:00,16.79
2012-05-30 02:00:00,9.35
2012-05-30 03:00:00,5.2
2012-05-30 04:00:00,6.54
2012-05-30 05:00:00,32.71
2012-05-30 06:00:00,154.3
2012-05-30 07:00:00,230.72
2012-05-30 08:00:00,658.63
2012-05-30 09:00:00,339.46
2012-05-30 10:00:00,176.22
2012-05-30 11:00:00,228.06
2012-05-30 12:00:00,301.75
2012-05-30 13:00:00,296.16
2012-05-30 14:00:00,277.23
2012-05-30 15:00:00,282.03
2012-05-30 16:00:00,370.45
2012-05-30 17:00:00,806.12
2012-05-30 18:00:00,820.22
2012-05-30 19:00:00,526.17
2012-05-30 20:00:00,358.48
2012-05-30 21:00:00,322.47
2012-05-30 22:00:00,287.65
2012-05-30 23:00:00,156.82
2012-05-31 00:00:00,63.12
2012-05-31 01:00:00,21.85
2012-05-31 02:00:00,10.91
2012-05-31 03:00:00,7.71
2012-05-31 04:00:00,8.83
2012-05-31 05:00:00,33.08
2012-05-31 06:00:00,159.03
2012-05-31 07:00:00,465.43
2012-05-31 08:00:00,663.41
2012-05-31 09:00:00,330.36
2012-05-31 10:00:00,194.25
2012-05-31 11:00:00,250.02
2012-05-31 12:00:00,305.52
2012-05-31 13:00:00,298.14
2012-05-31 14:00:00,268.1
2012-05-31 15:00:00,287.99
2012-05-31 16:00:00,406.64
2012-05-31 17:00:00,832.74
2012-05-31 18:00:00,828.68
2012-05-31 19:00:00,529.69
2012-05-31 20:00:00,417.56
2012-05-31 21:00:00,310.01
2012-05-31 22:00:00,284.43
2012-05-31 23:00:00,179.17
2012-06-20 00:00:00,48.78
2012-06-20 01:00:00,22.26
2012-06-20 02:00:00,12.3
2012-06-20 03:00:00,6.63
2012-06-20 04:00:00,7.93
2012-06-20 05:00:00,37.16
2012-06-20 06:00:00,162.1
2012-06-20 07:00:00,351.75
2012-06-20 08:00:00,645.06
2012-06-20 09:00:00,335.89
2012-06-20 10:00:00,179.51
2012-06-20 11:00:00,220.17
2012-06-20 12:00:00,230.64
2012-06-20 13:00:00,221.38
2012-06-20 14:00:00,214.96
2012-06-20 15:00:00,233.53
2012-06-20 16:00:00,386.74
2012-06-20 17:00:00,763.12
2012-06-20 18:00:00,763.29
2012-06-20 19:00:00,525.3
2012-06-20 20:00:00,494.02
2012-06-20 21:00:00,324.08
2012-06-20 22:00:00,292.16
2012-06-20 23:00:00,151.71
2012-06-21 00:00:00,65.68
2012-06-21 01:00:00,24.12
2012-06-21 02:00:00,11.48
2012-06-21 03:00:00,6.1
2012-06-21 04:00:00,7.54
2012-06-21 05:00:00,37.82
2012-06-21 06:00:00,173.53
2012-06-21 07:00:00,353.23
2012-06-21 08:00:00,668.06
2012-06-21 09:00:00,314.02
2012-06-21 10:00:00,177.43
2012-06-21 11:00:00,226.43
2012-06-21 12:00:00,239.34
2012-06-21 13:00:00,239.09
2012-06-21 14:00:00,221.45
2012-06-21 15:00:00,228.84
2012-06-21 16:00:00,395.78
2012-06-21 17:00:00,761.85
2012-06-21 18:00:00,778.9
2012-06-21 19:00:00,523.11
2012-06-21 20:00:00,499.55
2012-06-21 21:00:00,329.51
2012-06-21 22:00:00,294.1
2012-06-21 23:00:00,159.51
2012-06-22 00:00:00,77.07
2012-06-22 01:00:00,41.02
2012-06-22 02:00:00,18.47
2012-06-22 03:00:00,7.91
2012-06-22 04:00:00,8.31
2012-06-22 05:00:00,37.8
2012-06-22 06:00:00,159.04
2012-06-22 07:00:00,411.13
2012-06-22 08:00:00,659.44
2012-06-22 09:00:00,349.99
2012-06-22 10:00:00,252.1
2012-06-22 11:00:00,274.35
2012-06-22 12:00:00,342.76
2012-06-22 13:00:00,350.93
2012-06-22 14:00:00,341.01
2012-06-22 15:00:00,317.23
2012-06-22 16:00:00,441.75
2012-06-22 17:00:00,769.98
2012-06-22 18:00:00,690.56
2012-06-22 19:00:00,496.0
2012-06-22 20:00:00,363.87
2012-06-22 21:00:00,246.3
2012-06-22 22:00:00,286.34
2012-06-22 23:00:00,199.15
2012-06-23 00:00:00,164.83
2012-06-23 01:00:00,115.35
2012-06-23 02:00:00,66.62
2012-06-23 03:00:00,31.2
2012-06-23 04:00:00,10.48
2012-06-23 05:00:00,10.54
2012-06-23 06:00:00,34.86
2012-06-23 07:00:00,67.42
2012-06-23 08:00:00,183.34
2012-06-23 09:00:00,293.59
2012-06-23 10:00:00,429.72
2012-06-23 11:00:00,536.98
2012-06-23 12:00:00,554.71
2012-06-23 13:00:00,558.66
2012-06-23 14:00:00,590.87
2012-06-23 15:00:00,544.43
2012-06-23 16:00:00,553.11
2012-06-23 17:00:00,592.25
2012-06-23 18:00:00,561.7
2012-06-23 19:00:00,410.12
2012-06-23 20:00:00,344.74
2012-06-23 21:00:00,285.7
2012-06-23 22:00:00,297.41
2012-06-23 23:00:00,216.37
2012-06-24 00:00:00,182.42
2012-06-24 01:00:00,121.5
2012-06-24 02:00:00,81.76
2012-06-24 03:00:00,36.02
2012-06-24 04:00:00,13.46
2012-06-24 05:00:00,12.31
2012-06-24 06:00:00,27.31
2012-06-24 07:00:00,51.96
2012-06-24 08:00:00,145.97
2012-06-24 09:00:00,247.27
2012-06-24 10:00:00,411.06
2012-06-24 11:00:00,492.4
2012-06-24 12:00:00,494.66
2012-06-24 13:00:00,503.65
2012-06-24 14:00:00,481.03
2012-06-24 15:00:00,471.36
2012-06-24 16:00:00,522.0
2012-06-24 17:00:00,572.04
2012-06-24 18:00:00,535.03
2012-06-24 19:00:00,395.66
2012-06-24 20:00:00,333.09
2012-06-24 21:00:00,236.92
2012-06-24 22:00:00,155.12
2012-06-24 23:00:00,106.03
2012-06-25 00:00:00,45.62
2012-06-25 01:00:00,22.81
2012-06-25 02:00:00,9.87
2012-06-25 03:00:00,6.86
2012-06-25 04:00:00,8.97
2012-06-25 05:00:00,37.59
2012-06-25 06:00:00,158.74
2012-06-25 07:00:00,455.18
2012-06-25 08:00:00,667.97
2012-06-25 09:00:00,333.51
2012-06-25 10:00:00,174.57
2012-06-25 11:00:00,232.88
2012-06-25 12:00:00,267.71
2012-06-25 13:00:00,272.76
2012-06-25 14:00:00,254.43
2012-06-25 15:00:00,272.7
2012-06-25 16:00:00,385.42
2012-06-25 17:00:00,792.14
2012-06-25 18:00:00,783.14
2012-06-25 19:00:00,596.71
2012-06-25 20:00:00,419.31
2012-06-25 21:00:00,299.12
2012-06-25 22:00:00,229.56
2012-06-25 23:00:00,114.33
2012-06-26 00:00:00,46.41
2012-06-26 01:00:00,19.13
2012-06-26 02:00:00,10.67
2012-06-26 03:00:00,6.27
2012-06-26 04:00:00,8.6
2012-06-26 05:00:00,38.81
2012-06-26 06:00:00,160.9
2012-06-26 07:00:00,447.33
2012-06-26 08:00:00,660.86
2012-06-26 09:00:00,330.91
2012-06-26 10:00:00,197.31
2012-06-26 11:00:00,242.19
2012-06-26 12:00:00,278.17
2012-06-26 13:00:00,271.92
2012-06-26 14:00:00,268.13
2012-06-26 15:00:00,277.58
2012-06-26 16:00:00,412.7
2012-06-26 17:00:00,806.05
2012-06-26 18:00:00,794.78
2012-06-26 19:00:00,572.24
2012-06-26 20:00:00,431.58
2012-06-26 21:00:00,302.06
2012-06-26 22:00:00,239.02
2012-06-26 23:00:00,133.33
2012-06-27 00:00:00,45.23
2012-06-27 01:00:00,17.84
2012-06-27 02:00:00,9.85
2012-06-27 03:00:00,6.98
2012-06-27 04:00:00,8.71
2012-06-27 05:00:00,38.27
2012-06-27 06:00:00,162.17
2012-06-27 07:00:00,418.73
2012-06-27 08:00:00,650.41
2012-06-27 09:00:00,339.49
2012-06-27 10:00:00,197.01
2012-06-27 11:00:00,243.26
2012-06-27 12:00:00,289.02
2012-06-27 13:00:00,277.71
2012-06-27 14:00:00,284.77
2012-06-27 15:00:00,287.57
2012-06-27 16:00:00,417.44
2012-06-27 17:00:00,808.79
2012-06-27 18:00:00,801.45
2012-06-27 19:00:00,592.14
2012-06-27 20:00:00,464.5
2012-06-27 21:00:00,330.3
2012-06-27 22:00:00,283.73
2012-06-27 23:00:00,159.88
2012-06-28 00:00:00,63.3
2012-06-28 01:00:00,23.98
2012-06-28 02:00:00,10.7
2012-06-28 03:00:00,7.42
2012-06-28 04:00:00,8.45
2012-06-28 05:00:00,38.9
2012-06-28 06:00:00,162.78
2012-06-28 07:00:00,460.76
2012-06-28 08:00:00,651.77
2012-06-28 09:00:00,336.08
2012-06-28 10:00:00,191.27
2012-06-28 11:00:00,241.84
2012-06-28 12:00:00,286.7
2012-06-28 13:00:00,280.8
2012-06-28 14:00:00,275.29
2012-06-28 15:00:00,284.11
2012-06-28 16:00:00,442.19
2012-06-28 17:00:00,772.07
2012-06-28 18:00:00,778.95
2012-06-28 19:00:00,569.94
2012-06-28 20:00:00,477.67
2012-06-28 21:00:00,335.78
2012-06-28 22:00:00,280.8
2012-06-28 23:00:00,177.75
2012-06-29 00:00:00,81.73
2012-06-29 01:00:00,35.47
2012-06-29 02:00:00,18.54
2012-06-29 03:00:00,7.85
2012-06-29 04:00:00,8.77
2012-06-29 05:00:00,36.95
2012-06-29 06:00:00,151.09
2012-06-29 07:00:00,409.38
2012-06-29 08:00:00,668.15
2012-06-29 09:00:00,359.82
2012-06-29 10:00:00,251.1
2012-06-29 11:00:00,272.41
2012-06-29 12:00:00,323.7
2012-06-29 13:00:00,321.79
2012-06-29 14:00:00,312.04
2012-06-29 15:00:00,312.44
2012-06-29 16:00:00,425.59
2012-06-29 17:00:00,718.54
2012-06-29 18:00:00,671.76
2012-06-29 19:00:00,470.19
2012-06-29 20:00:00,366.68
2012-06-29 21:00:00,351.91
2012-06-29 22:00:00,249.48
2012-06-29 23:00:00,169.51
2012-06-30 00:00:00,124.4
2012-06-30 01:00:00,116.87
2012-06-30 02:00:00,63.28
2012-06-30 03:00:00,32.37
2012-06-30 04:00:00,10.98
2012-06-30 05:00:00,11.07
2012-06-30 06:00:00,33.08
2012-06-30 07:00:00,71.54
2012-06-30 08:00:00,186.03
2012-06-30 09:00:00,304.0
2012-06-30 10:00:00,380.28
2012-06-30 11:00:00,491.42
2012-06-30 12:00:00,513.38
2012-06-30 13:00:00,517.49
2012-06-30 14:00:00,519.66
2012-06-30 15:00:00,519.67
2012-06-30 16:00:00,505.82
2012-06-30 17:00:00,525.65
2012-06-30 18:00:00,501.92
2012-06-30 19:00:00,416.77
2012-06-30 20:00:00,319.7
2012-06-30 21:00:00,282.14
2012-06-30 22:00:00,284.99
2012-06-30 23:00:00,213.73
2012-07-20 00:00:00,61.42
2012-07-20 01:00:00,37.54
2012-07-20 02:00:00,12.32
2012-07-20 03:00:00,6.35
2012-07-20 04:00:00,7.24
2012-07-20 05:00:00,36.75
2012-07-20 06:00:00,157.17
2012-07-20 07:00:00,384.76
2012-07-20 08:00:00,589.05
2012-07-20 09:00:00,346.16
2012-07-20 10:00:00,226.17
2012-07-20 11:00:00,243.47
2012-07-20 12:00:00,153.06
2012-07-20 13:00:00,159.87
2012-07-20 14:00:00,164.88
2012-07-20 15:00:00,306.09
2012-07-20 16:00:00,345.74
2012-07-20 17:00:00,389.73
2012-07-20 18:00:00,512.09
2012-07-20 19:00:00,360.94
2012-07-20 20:00:00,186.63
2012-07-20 21:00:00,218.69
2012-07-20 22:00:00,201.2
2012-07-20 23:00:00,155.15
2012-07-21 00:00:00,127.06
2012-07-21 01:00:00,115.12
2012-07-21 02:00:00,61.84
2012-07-21 03:00:00,27.79
2012-07-21 04:00:00,10.31
2012-07-21 05:00:00,10.11
2012-07-21 06:00:00,34.74
2012-07-21 07:00:00,68.56
2012-07-21 08:00:00,184.58
2012-07-21 09:00:00,307.16
2012-07-21 10:00:00,286.37
2012-07-21 11:00:00,387.62
2012-07-21 12:00:00,224.88
2012-07-21 13:00:00,217.06
2012-07-21 14:00:00,351.03
2012-07-21 15:00:00,198.83
2012-07-21 16:00:00,246.92
2012-07-21 17:00:00,269.26
2012-07-21 18:00:00,327.32
2012-07-21 19:00:00,301.72
2012-07-21 20:00:00,213.83
2012-07-21 21:00:00,203.99
2012-07-21 22:00:00,194.33
2012-07-21 23:00:00,147.39
2012-07-22 00:00:00,136.47
2012-07-22 01:00:00,121.38
2012-07-22 02:00:00,77.38
2012-07-22 03:00:00,34.36
2012-07-22 04:00:00,11.96
2012-07-22 05:00:00,13.76
2012-07-22 06:00:00,23.59
2012-07-22 07:00:00,50.11
2012-07-22 08:00:00,143.39
2012-07-22 09:00:00,245.05
2012-07-22 10:00:00,413.07
2012-07-22 11:00:00,428.33
2012-07-22 12:00:00,429.66
2012-07-22 13:00:00,431.03
2012-07-22 14:00:00,431.22
2012-07-22 15:00:00,431.31
2012-07-22 16:00:00,431.76
2012-07-22 17:00:00,538.72
2012-07-22 18:00:00,489.08
2012-07-22 19:00:00,375.55
2012-07-22 20:00:00,306.16
2012-07-22 21:00:00,212.13
2012-07-22 22:00:00,134.25
2012-07-22 23:00:00,107.18
2012-07-23 00:00:00,45.65
2012-07-23 01:00:00,17.94
2012-07-23 02:00:00,9.71
2012-07-23 03:00:00,6.47
2012-07-23 04:00:00,8.05
2012-07-23 05:00:00,34.35
2012-07-23 06:00:00,162.74
2012-07-23 07:00:00,422.87
2012-07-23 08:00:00,629.79
2012-07-23 09:00:00,329.33
2012-07-23 10:00:00,180.67
2012-07-23 11:00:00,227.6
2012-07-23 12:00:00,265.14
2012-07-23 13:00:00,260.73
2012-07-23 14:00:00,244.36
2012-07-23 15:00:00,263.9
2012-07-23 16:00:00,370.06
2012-07-23 17:00:00,805.27
2012-07-23 18:00:00,802.27
2012-07-23 19:00:00,561.9
2012-07-23 20:00:00,443.95
2012-07-23 21:00:00,293.52
2012-07-23 22:00:00,241.06
2012-07-23 23:00:00,116.57
2012-07-24 00:00:00,49.4
2012-07-24 01:00:00,20.81
2012-07-24 02:00:00,11.51
2012-07-24 03:00:00,5.73
2012-07-24 04:00:00,7.53
2012-07-24 05:00:00,36.85
2012-07-24 06:00:00,171.3
2012-07-24 07:00:00,461.72
2012-07-24 08:00:00,662.27
2012-07-24 09:00:00,317.16
2012-07-24 10:00:00,173.63
2012-07-24 11:00:00,206.8
2012-07-24 12:00:00,230.44
2012-07-24 13:00:00,223.04
2012-07-24 14:00:00,218.1
2012-07-24 15:00:00,269.49
2012-07-24 16:00:00,347.09
2012-07-24 17:00:00,814.38
2012-07-24 18:00:00,787.53
2012-07-24 19:00:00,558.11
2012-07-24 20:00:00,446.17
2012-07-24 21:00:00,302.36
2012-07-24 22:00:00,249.8
2012-07-24 23:00:00,133.01
2012-07-25 00:00:00,48.13
2012-07-25 01:00:00,24.69
2012-07-25 02:00:00,9.06
2012-07-25 03:00:00,6.34
2012-07-25 04:00:00,7.97
2012-07-25 05:00:00,39.71
2012-07-25 06:00:00,164.55
2012-07-25 07:00:00,412.88
2012-07-25 08:00:00,644.71
2012-07-25 09:00:00,344.3
2012-07-25 10:00:00,194.34
2012-07-25 11:00:00,244.07
2012-07-25 12:00:00,296.05
2012-07-25 13:00:00,279.38
2012-07-25 14:00:00,262.99
2012-07-25 15:00:00,281.55
2012-07-25 16:00:00,410.52
2012-07-25 17:00:00,816.01
2012-07-25 18:00:00,817.75
2012-07-25 19:00:00,583.65
2012-07-25 20:00:00,461.79
2012-07-25 21:00:00,335.71
2012-07-25 22:00:00,278.82
2012-07-25 23:00:00,153.71
2012-07-26 00:00:00,63.2
2012-07-26 01:00:00,23.41
2012-07-26 02:00:00,10.65
2012-07-26 03:00:00,6.61
2012-07-26 04:00:00,7.34
2012-07-26 05:00:00,39.03
2012-07-26 06:00:00,167.31
2012-07-26 07:00:00,474.92
2012-07-26 08:00:00,673.91
2012-07-26 09:00:00,331.93
2012-07-26 10:00:00,187.64
2012-07-26 11:00:00,216.35
2012-07-26 12:00:00,236.82
2012-07-26 13:00:00,231.34
2012-07-26 14:00:00,201.72
2012-07-26 15:00:00,205.07
2012-07-26 16:00:00,384.65
2012-07-26 17:00:00,741.39
2012-07-26 18:00:00,732.45
2012-07-26 19:00:00,532.79
2012-07-26 20:00:00,499.33
2012-07-26 21:00:00,335.44
2012-07-26 22:00:00,280.0
2012-07-26 23:00:00,165.86
2012-07-27 00:00:00,79.16
2012-07-27 01:00:00,40.4
2012-07-27 02:00:00,17.77
2012-07-27 03:00:00,7.85
2012-07-27 04:00:00,8.4
2012-07-27 05:00:00,38.04
2012-07-27 06:00:00,163.61
2012-07-27 07:00:00,415.63
2012-07-27 08:00:00,652.6
2012-07-27 09:00:00,349.71
2012-07-27 10:00:00,247.36
2012-07-27 11:00:00,273.98
2012-07-27 12:00:00,338.06
2012-07-27 13:00:00,348.44
2012-07-27 14:00:00,335.42
2012-07-27 15:00:00,343.07
2012-07-27 16:00:00,474.89
2012-07-27 17:00:00,749.8
2012-07-27 18:00:00,676.95
2012-07-27 19:00:00,485.34
2012-07-27 20:00:00,368.81
2012-07-27 21:00:00,312.73
2012-07-27 22:00:00,287.43
2012-07-27 23:00:00,205.92
2012-07-28 00:00:00,173.39
2012-07-28 01:00:00,115.31
2012-07-28 02:00:00,70.4
2012-07-28 03:00:00,33.81
2012-07-28 04:00:00,13.65
2012-07-28 05:00:00,14.59
2012-07-28 06:00:00,35.22
2012-07-28 07:00:00,65.15
2012-07-28 08:00:00,173.73
2012-07-28 09:00:00,291.65
2012-07-28 10:00:00,407.84
2012-07-28 11:00:00,521.9
2012-07-28 12:00:00,532.71
2012-07-28 13:00:00,530.04
2012-07-28 14:00:00,523.99
2012-07-28 15:00:00,520.47
2012-07-28 16:00:00,515.12
2012-07-28 17:00:00,510.26
2012-07-28 18:00:00,501.1
2012-07-28 19:00:00,403.94
2012-07-28 20:00:00,283.11
2012-07-28 21:00:00,258.97
2012-07-28 22:00:00,261.63
2012-07-28 23:00:00,207.76
2012-07-29 00:00:00,156.1
2012-07-29 01:00:00,126.45
2012-07-29 02:00:00,81.86
2012-07-29 03:00:00,40.37
2012-07-29 04:00:00,11.35
2012-07-29 05:00:00,10.97
2012-07-29 06:00:00,23.03
2012-07-29 07:00:00,55.47
2012-07-29 08:00:00,134.61
2012-07-29 09:00:00,241.27
2012-07-29 10:00:00,416.76
2012-07-29 11:00:00,461.89
2012-07-29 12:00:00,485.62
2012-07-29 13:00:00,485.47
2012-07-29 14:00:00,485.5
2012-07-29 15:00:00,491.39
2012-07-29 16:00:00,515.26
2012-07-29 17:00:00,501.31
2012-07-29 18:00:00,510.99
2012-07-29 19:00:00,383.03
2012-07-29 20:00:00,306.62
2012-07-29 21:00:00,213.76
2012-07-29 22:00:00,134.03
2012-07-29 23:00:00,103.39
2012-07-30 00:00:00,47.4
2012-07-30 01:00:00,19.53
2012-07-30 02:00:00,12.9
2012-07-30 03:00:00,6.35
2012-07-30 04:00:00,9.21
2012-07-30 05:00:00,34.87
2012-07-30 06:00:00,160.56
2012-07-30 07:00:00,414.53
2012-07-30 08:00:00,661.38
2012-07-30 09:00:00,331.21
2012-07-30 10:00:00,180.18
2012-07-30 11:00:00,224.58
2012-07-30 12:00:00,259.93
2012-07-30 13:00:00,260.36
2012-07-30 14:00:00,247.84
2012-07-30 15:00:00,265.75
2012-07-30 16:00:00,365.76
2012-07-30 17:00:00,811.73
2012-07-30 18:00:00,783.08
2012-07-30 19:00:00,557.13
2012-07-30 20:00:00,418.86
2012-07-30 21:00:00,295.3
2012-07-30 22:00:00,201.04
2012-07-30 23:00:00,117.08
2012-07-31 00:00:00,47.55
2012-07-31 01:00:00,19.07
2012-07-31 02:00:00,11.53
2012-07-31 03:00:00,6.35
2012-07-31 04:00:00,7.53
2012-07-31 05:00:00,37.04
2012-07-31 06:00:00,167.96
2012-07-31 07:00:00,429.5
2012-07-31 08:00:00,632.96
2012-07-31 09:00:00,329.97
2012-07-31 10:00:00,185.12
2012-07-31 11:00:00,224.67
2012-07-31 12:00:00,277.34
2012-07-31 13:00:00,262.66
2012-07-31 14:00:00,256.07
2012-07-31 15:00:00,254.33
2012-07-31 16:00:00,359.29
2012-07-31 17:00:00,818.33
2012-07-31 18:00:00,803.15
2012-07-31 19:00:00,526.13
2012-07-31 20:00:00,390.65
2012-07-31 21:00:00,288.45
2012-07-31 22:00:00,234.92
2012-07-31 23:00:00,128.13
2012-08-20 00:00:00,37.04
2012-08-20 01:00:00,17.17
2012-08-20 02:00:00,10.78
2012-08-20 03:00:00,5.98
2012-08-20 04:00:00,8.58
2012-08-20 05:00:00,36.61
2012-08-20 06:00:00,157.34
2012-08-20 07:00:00,440.79
2012-08-20 08:00:00,696.84
2012-08-20 09:00:00,343.44
2012-08-20 10:00:00,207.67
2012-08-20 11:00:00,239.08
2012-08-20 12:00:00,301.73
2012-08-20 13:00:00,292.15
2012-08-20 14:00:00,279.79
2012-08-20 15:00:00,289.01
2012-08-20 16:00:00,426.93
2012-08-20 17:00:00,801.24
2012-08-20 18:00:00,612.91
2012-08-20 19:00:00,418.94
2012-08-20 20:00:00,276.26
2012-08-20 21:00:00,252.61
2012-08-20 22:00:00,158.24
2012-08-20 23:00:00,84.72
2012-08-21 00:00:00,35.63
2012-08-21 01:00:00,16.96
2012-08-21 02:00:00,8.06
2012-08-21 03:00:00,5.7
2012-08-21 04:00:00,6.59
2012-08-21 05:00:00,38.87
2012-08-21 06:00:00,174.49
2012-08-21 07:00:00,464.73
2012-08-21 08:00:00,697.4
2012-08-21 09:00:00,344.76
2012-08-21 10:00:00,200.7
2012-08-21 11:00:00,241.35
2012-08-21 12:00:00,296.18
2012-08-21 13:00:00,291.16
2012-08-21 14:00:00,272.46
2012-08-21 15:00:00,288.84
2012-08-21 16:00:00,438.35
2012-08-21 17:00:00,834.17
2012-08-21 18:00:00,817.36
2012-08-21 19:00:00,451.24
2012-08-21 20:00:00,418.73
2012-08-21 21:00:00,289.62
2012-08-21 22:00:00,217.14
2012-08-21 23:00:00,106.57
2012-08-22 00:00:00,47.45
2012-08-22 01:00:00,19.14
2012-08-22 02:00:00,11.44
2012-08-22 03:00:00,6.52
2012-08-22 04:00:00,7.04
2012-08-22 05:00:00,39.26
2012-08-22 06:00:00,178.45
2012-08-22 07:00:00,442.75
2012-08-22 08:00:00,693.74
2012-08-22 09:00:00,343.82
2012-08-22 10:00:00,202.8
2012-08-22 11:00:00,239.99
2012-08-22 12:00:00,304.42
2012-08-22 13:00:00,294.84
2012-08-22 14:00:00,270.71
2012-08-22 15:00:00,279.18
2012-08-22 16:00:00,380.57
2012-08-22 17:00:00,808.29
2012-08-22 18:00:00,785.9
2012-08-22 19:00:00,511.35
2012-08-22 20:00:00,423.77
2012-08-22 21:00:00,318.94
2012-08-22 22:00:00,278.1
2012-08-22 23:00:00,147.41
2012-08-23 00:00:00,61.49
2012-08-23 01:00:00,21.76
2012-08-23 02:00:00,12.5
2012-08-23 03:00:00,6.22
2012-08-23 04:00:00,7.03
2012-08-23 05:00:00,39.4
2012-08-23 06:00:00,167.72
2012-08-23 07:00:00,372.39
2012-08-23 08:00:00,688.49
2012-08-23 09:00:00,347.85
2012-08-23 10:00:00,203.29
2012-08-23 11:00:00,245.49
2012-08-23 12:00:00,305.9
2012-08-23 13:00:00,293.44
2012-08-23 14:00:00,267.74
2012-08-23 15:00:00,276.4
2012-08-23 16:00:00,425.78
2012-08-23 17:00:00,839.58
2012-08-23 18:00:00,838.42
2012-08-23 19:00:00,588.86
2012-08-23 20:00:00,454.11
2012-08-23 21:00:00,321.22
2012-08-23 22:00:00,250.09
2012-08-23 23:00:00,179.38
2012-08-24 00:00:00,77.46
2012-08-24 01:00:00,38.22
2012-08-24 02:00:00,20.51
2012-08-24 03:00:00,7.82
2012-08-24 04:00:00,7.8
2012-08-24 05:00:00,38.21
2012-08-24 06:00:00,159.45
2012-08-24 07:00:00,374.99
2012-08-24 08:00:00,667.4
2012-08-24 09:00:00,363.2
2012-08-24 10:00:00,258.06
2012-08-24 11:00:00,278.89
2012-08-24 12:00:00,369.57
2012-08-24 13:00:00,360.74
2012-08-24 14:00:00,356.09
2012-08-24 15:00:00,362.54
2012-08-24 16:00:00,498.31
2012-08-24 17:00:00,771.44
2012-08-24 18:00:00,674.77
2012-08-24 19:00:00,512.49
2012-08-24 20:00:00,368.14
2012-08-24 21:00:00,286.95
2012-08-24 22:00:00,243.06
2012-08-24 23:00:00,197.29
2012-08-25 00:00:00,171.04
2012-08-25 01:00:00,123.52
2012-08-25 02:00:00,68.1
2012-08-25 03:00:00,34.07
2012-08-25 04:00:00,12.19
2012-08-25 05:00:00,9.05
2012-08-25 06:00:00,31.27
2012-08-25 07:00:00,60.85
2012-08-25 08:00:00,179.82
2012-08-25 09:00:00,280.83
2012-08-25 10:00:00,426.99
2012-08-25 11:00:00,511.18
2012-08-25 12:00:00,515.92
2012-08-25 13:00:00,590.28
2012-08-25 14:00:00,398.73
2012-08-25 15:00:00,479.99
2012-08-25 16:00:00,471.34
2012-08-25 17:00:00,423.62
2012-08-25 18:00:00,535.98
2012-08-25 19:00:00,366.66
2012-08-25 20:00:00,199.14
2012-08-25 21:00:00,241.84
2012-08-25 22:00:00,218.99
2012-08-25 23:00:00,154.5
2012-08-26 00:00:00,149.42
2012-08-26 01:00:00,127.12
2012-08-26 02:00:00,82.31
2012-08-26 03:00:00,36.94
2012-08-26 04:00:00,10.86
2012-08-26 05:00:00,10.7
2012-08-26 06:00:00,21.42
2012-08-26 07:00:00,58.53
2012-08-26 08:00:00,125.92
2012-08-26 09:00:00,237.65
2012-08-26 10:00:00,404.85
2012-08-26 11:00:00,436.17
2012-08-26 12:00:00,393.88
2012-08-26 13:00:00,306.43
2012-08-26 14:00:00,299.05
2012-08-26 15:00:00,184.95
2012-08-26 16:00:00,251.72
2012-08-26 17:00:00,320.45
2012-08-26 18:00:00,334.25
2012-08-26 19:00:00,306.68
2012-08-26 20:00:00,230.77
2012-08-26 21:00:00,191.07
2012-08-26 22:00:00,110.28
2012-08-26 23:00:00,93.51
2012-08-27 00:00:00,45.12
2012-08-27 01:00:00,16.74
2012-08-27 02:00:00,10.34
2012-08-27 03:00:00,6.08
2012-08-27 04:00:00,8.63
2012-08-27 05:00:00,36.26
2012-08-27 06:00:00,162.1
2012-08-27 07:00:00,358.96
2012-08-27 08:00:00,555.09
2012-08-27 09:00:00,322.33
2012-08-27 10:00:00,196.1
2012-08-27 11:00:00,235.3
2012-08-27 12:00:00,293.84
2012-08-27 13:00:00,283.85
2012-08-27 14:00:00,270.08
2012-08-27 15:00:00,277.72
2012-08-27 16:00:00,407.57
2012-08-27 17:00:00,830.95
2012-08-27 18:00:00,806.69
2012-08-27 19:00:00,543.38
2012-08-27 20:00:00,431.93
2012-08-27 21:00:00,294.07
2012-08-27 22:00:00,216.9
2012-08-27 23:00:00,116.38
2012-08-28 00:00:00,47.9
2012-08-28 01:00:00,19.4
2012-08-28 02:00:00,10.79
2012-08-28 03:00:00,5.94
2012-08-28 04:00:00,7.28
2012-08-28 05:00:00,37.26
2012-08-28 06:00:00,172.71
2012-08-28 07:00:00,375.72
2012-08-28 08:00:00,556.31
2012-08-28 09:00:00,340.96
2012-08-28 10:00:00,204.85
2012-08-28 11:00:00,229.26
2012-08-28 12:00:00,285.57
2012-08-28 13:00:00,275.32
2012-08-28 14:00:00,259.0
2012-08-28 15:00:00,268.16
2012-08-28 16:00:00,417.68
2012-08-28 17:00:00,828.27
2012-08-28 18:00:00,835.15
2012-08-28 19:00:00,574.69
2012-08-28 20:00:00,442.35
2012-08-28 21:00:00,300.55
2012-08-28 22:00:00,247.55
2012-08-28 23:00:00,133.41
2012-08-29 00:00:00,48.15
2012-08-29 01:00:00,18.24
2012-08-29 02:00:00,11.29
2012-08-29 03:00:00,6.71
2012-08-29 04:00:00,6.76
2012-08-29 05:00:00,39.71
2012-08-29 06:00:00,170.57
2012-08-29 07:00:00,417.27
2012-08-29 08:00:00,680.29
2012-08-29 09:00:00,340.84
2012-08-29 10:00:00,201.53
2012-08-29 11:00:00,246.61
2012-08-29 12:00:00,306.78
2012-08-29 13:00:00,299.12
2012-08-29 14:00:00,271.43
2012-08-29 15:00:00,275.84
2012-08-29 16:00:00,435.64
2012-08-29 17:00:00,851.5
2012-08-29 18:00:00,851.09
2012-08-29 19:00:00,593.26
2012-08-29 20:00:00,460.29
2012-08-29 21:00:00,328.67
2012-08-29 22:00:00,282.19
2012-08-29 23:00:00,155.23
2012-08-30 00:00:00,59.6
2012-08-30 01:00:00,22.17
2012-08-30 02:00:00,13.05
2012-08-30 03:00:00,6.42
2012-08-30 04:00:00,6.96
2012-08-30 05:00:00,40.25
2012-08-30 06:00:00,167.35
2012-08-30 07:00:00,433.96
2012-08-30 08:00:00,680.83
2012-08-30 09:00:00,343.04
2012-08-30 10:00:00,194.03
2012-08-30 11:00:00,252.35
2012-08-30 12:00:00,304.44
2012-08-30 13:00:00,292.14
2012-08-30 14:00:00,270.06
2012-08-30 15:00:00,275.25
2012-08-30 16:00:00,420.35
2012-08-30 17:00:00,859.12
2012-08-30 18:00:00,838.54
2012-08-30 19:00:00,593.61
2012-08-30 20:00:00,471.67
2012-08-30 21:00:00,317.16
2012-08-30 22:00:00,277.55
2012-08-30 23:00:00,167.01
2012-08-31 00:00:00,71.38
2012-08-31 01:00:00,38.73
2012-08-31 02:00:00,12.89
2012-08-31 03:00:00,7.14
2012-08-31 04:00:00,7.49
2012-08-31 05:00:00,37.43
2012-08-31 06:00:00,156.66
2012-08-31 07:00:00,339.17
2012-08-31 08:00:00,663.06
2012-08-31 09:00:00,350.0
2012-08-31 10:00:00,238.41
2012-08-31 11:00:00,271.17
2012-08-31 12:00:00,348.43
2012-08-31 13:00:00,341.73
2012-08-31 14:00:00,315.44
2012-08-31 15:00:00,319.03
2012-08-31 16:00:00,491.27
2012-08-31 17:00:00,748.93
2012-08-31 18:00:00,707.78
2012-08-31 19:00:00,492.49
2012-08-31 20:00:00,373.31
2012-08-31 21:00:00,318.26
2012-08-31 22:00:00,281.51
2012-08-31 23:00:00,208.51
2012-09-20 00:00:00,54.12
2012-09-20 01:00:00,16.97
2012-09-20 02:00:00,11.84
2012-09-20 03:00:00,6.91
2012-09-20 04:00:00,7.44
2012-09-20 05:00:00,42.35
2012-09-20 06:00:00,180.74
2012-09-20 07:00:00,496.07
2012-09-20 08:00:00,789.59
2012-09-20 09:00:00,338.87
2012-09-20 10:00:00,197.29
2012-09-20 11:00:00,248.24
2012-09-20 12:00:00,309.15
2012-09-20 13:00:00,298.31
2012-09-20 14:00:00,292.19
2012-09-20 15:00:00,304.51
2012-09-20 16:00:00,458.19
2012-09-20 17:00:00,876.81
2012-09-20 18:00:00,838.4
2012-09-20 19:00:00,579.57
2012-09-20 20:00:00,395.29
2012-09-20 21:00:00,298.55
2012-09-20 22:00:00,234.64
2012-09-20 23:00:00,151.89
2012-09-21 00:00:00,76.09
2012-09-21 01:00:00,34.53
2012-09-21 02:00:00,20.56
2012-09-21 03:00:00,9.52
2012-09-21 04:00:00,9.89
2012-09-21 05:00:00,43.96
2012-09-21 06:00:00,163.64
2012-09-21 07:00:00,435.21
2012-09-21 08:00:00,751.22
2012-09-21 09:00:00,359.6
2012-09-21 10:00:00,235.23
2012-09-21 11:00:00,275.55
2012-09-21 12:00:00,367.88
2012-09-21 13:00:00,386.12
2012-09-21 14:00:00,372.24
2012-09-21 15:00:00,379.2
2012-09-21 16:00:00,535.01
2012-09-21 17:00:00,777.29
2012-09-21 18:00:00,722.78
2012-09-21 19:00:00,537.41
2012-09-21 20:00:00,357.9
2012-09-21 21:00:00,279.38
2012-09-21 22:00:00,246.25
2012-09-21 23:00:00,173.84
2012-09-22 00:00:00,155.44
2012-09-22 01:00:00,117.2
2012-09-22 02:00:00,70.66
2012-09-22 03:00:00,36.62
2012-09-22 04:00:00,13.1
2012-09-22 05:00:00,16.84
2012-09-22 06:00:00,36.1
2012-09-22 07:00:00,68.21
2012-09-22 08:00:00,190.5
2012-09-22 09:00:00,321.34
2012-09-22 10:00:00,456.51
2012-09-22 11:00:00,547.06
2012-09-22 12:00:00,606.64
2012-09-22 13:00:00,605.43
2012-09-22 14:00:00,585.25
2012-09-22 15:00:00,597.15
2012-09-22 16:00:00,577.79
2012-09-22 17:00:00,593.85
2012-09-22 18:00:00,566.49
2012-09-22 19:00:00,446.47
2012-09-22 20:00:00,323.84
2012-09-22 21:00:00,286.9
2012-09-22 22:00:00,288.87
2012-09-22 23:00:00,213.81
2012-09-23 00:00:00,175.29
2012-09-23 01:00:00,112.26
2012-09-23 02:00:00,79.93
2012-09-23 03:00:00,34.81
2012-09-23 04:00:00,12.54
2012-09-23 05:00:00,14.29
2012-09-23 06:00:00,21.44
2012-09-23 07:00:00,63.35
2012-09-23 08:00:00,116.82
2012-09-23 09:00:00,244.53
2012-09-23 10:00:00,413.13
2012-09-23 11:00:00,488.45
2012-09-23 12:00:00,537.79
2012-09-23 13:00:00,578.8
2012-09-23 14:00:00,580.17
2012-09-23 15:00:00,583.34
2012-09-23 16:00:00,631.64
2012-09-23 17:00:00,575.53
2012-09-23 18:00:00,519.19
2012-09-23 19:00:00,312.11
2012-09-23 20:00:00,282.31
2012-09-23 21:00:00,175.87
2012-09-23 22:00:00,127.36
2012-09-23 23:00:00,76.93
2012-09-24 00:00:00,40.67
2012-09-24 01:00:00,17.49
2012-09-24 02:00:00,8.54
2012-09-24 03:00:00,5.62
2012-09-24 04:00:00,9.33
2012-09-24 05:00:00,42.83
2012-09-24 06:00:00,166.9
2012-09-24 07:00:00,486.81
2012-09-24 08:00:00,772.11
2012-09-24 09:00:00,343.75
2012-09-24 10:00:00,201.16
2012-09-24 11:00:00,258.23
2012-09-24 12:00:00,314.81
2012-09-24 13:00:00,306.98
2012-09-24 14:00:00,301.8
2012-09-24 15:00:00,308.3
2012-09-24 16:00:00,452.97
2012-09-24 17:00:00,890.5
2012-09-24 18:00:00,865.28
2012-09-24 19:00:00,552.13
2012-09-24 20:00:00,361.92
2012-09-24 21:00:00,277.86
2012-09-24 22:00:00,160.62
2012-09-24 23:00:00,95.64
2012-09-25 00:00:00,42.32
2012-09-25 01:00:00,15.56
2012-09-25 02:00:00,8.46
2012-09-25 03:00:00,5.27
2012-09-25 04:00:00,7.63
2012-09-25 05:00:00,43.11
2012-09-25 06:00:00,168.99
2012-09-25 07:00:00,487.86
2012-09-25 08:00:00,768.38
2012-09-25 09:00:00,347.51
2012-09-25 10:00:00,203.1
2012-09-25 11:00:00,243.95
2012-09-25 12:00:00,307.69
2012-09-25 13:00:00,301.9
2012-09-25 14:00:00,293.56
2012-09-25 15:00:00,310.12
2012-09-25 16:00:00,450.85
2012-09-25 17:00:00,894.4
2012-09-25 18:00:00,908.05
2012-09-25 19:00:00,581.5
2012-09-25 20:00:00,422.2
2012-09-25 21:00:00,280.01
2012-09-25 22:00:00,217.22
2012-09-25 23:00:00,126.31
2012-09-26 00:00:00,43.96
2012-09-26 01:00:00,19.21
2012-09-26 02:00:00,7.07
2012-09-26 03:00:00,5.61
2012-09-26 04:00:00,7.48
2012-09-26 05:00:00,40.78
2012-09-26 06:00:00,172.96
2012-09-26 07:00:00,491.29
2012-09-26 08:00:00,764.65
2012-09-26 09:00:00,347.6
2012-09-26 10:00:00,194.37
2012-09-26 11:00:00,233.32
2012-09-26 12:00:00,322.73
2012-09-26 13:00:00,314.18
2012-09-26 14:00:00,289.48
2012-09-26 15:00:00,300.05
2012-09-26 16:00:00,443.66
2012-09-26 17:00:00,866.4
2012-09-26 18:00:00,871.26
2012-09-26 19:00:00,581.31
2012-09-26 20:00:00,434.4
2012-09-26 21:00:00,330.93
2012-09-26 22:00:00,217.61
2012-09-26 23:00:00,122.7
2012-09-27 00:00:00,60.5
2012-09-27 01:00:00,21.7
2012-09-27 02:00:00,13.35
2012-09-27 03:00:00,6.82
2012-09-27 04:00:00,6.52
2012-09-27 05:00:00,40.03
2012-09-27 06:00:00,171.34
2012-09-27 07:00:00,461.31
2012-09-27 08:00:00,752.83
2012-09-27 09:00:00,350.2
2012-09-27 10:00:00,208.41
2012-09-27 11:00:00,250.67
2012-09-27 12:00:00,303.7
2012-09-27 13:00:00,292.83
2012-09-27 14:00:00,276.42
2012-09-27 15:00:00,284.66
2012-09-27 16:00:00,448.2
2012-09-27 17:00:00,785.83
2012-09-27 18:00:00,781.01
2012-09-27 19:00:00,594.57
2012-09-27 20:00:00,412.51
2012-09-27 21:00:00,245.57
2012-09-27 22:00:00,170.01
2012-09-27 23:00:00,114.06
2012-09-28 00:00:00,56.19
2012-09-28 01:00:00,31.07
2012-09-28 02:00:00,11.51
2012-09-28 03:00:00,6.13
2012-09-28 04:00:00,6.21
2012-09-28 05:00:00,38.42
2012-09-28 06:00:00,154.26
2012-09-28 07:00:00,342.94
2012-09-28 08:00:00,706.38
2012-09-28 09:00:00,345.86
2012-09-28 10:00:00,221.34
2012-09-28 11:00:00,272.04
2012-09-28 12:00:00,390.41
2012-09-28 13:00:00,391.27
2012-09-28 14:00:00,380.16
2012-09-28 15:00:00,388.91
2012-09-28 16:00:00,546.19
2012-09-28 17:00:00,792.24
2012-09-28 18:00:00,776.44
2012-09-28 19:00:00,504.07
2012-09-28 20:00:00,341.07
2012-09-28 21:00:00,258.47
2012-09-28 22:00:00,218.55
2012-09-28 23:00:00,147.93
2012-09-29 00:00:00,144.56
2012-09-29 01:00:00,112.24
2012-09-29 02:00:00,72.25
2012-09-29 03:00:00,34.55
2012-09-29 04:00:00,19.03
2012-09-29 05:00:00,18.18
2012-09-29 06:00:00,38.18
2012-09-29 07:00:00,72.77
2012-09-29 08:00:00,184.14
2012-09-29 09:00:00,334.4
2012-09-29 10:00:00,431.64
2012-09-29 11:00:00,543.31
2012-09-29 12:00:00,629.06
2012-09-29 13:00:00,636.61
2012-09-29 14:00:00,634.46
2012-09-29 15:00:00,627.85
2012-09-29 16:00:00,622.94
2012-09-29 17:00:00,586.28
2012-09-29 18:00:00,529.91
2012-09-29 19:00:00,324.23
2012-09-29 20:00:00,271.79
2012-09-29 21:00:00,250.97
2012-09-29 22:00:00,226.3
2012-09-29 23:00:00,180.34
2012-09-30 00:00:00,169.14
2012-09-30 01:00:00,117.76
2012-09-30 02:00:00,75.97
2012-09-30 03:00:00,37.99
2012-09-30 04:00:00,11.95
2012-09-30 05:00:00,12.53
2012-09-30 06:00:00,22.89
2012-09-30 07:00:00,70.18
2012-09-30 08:00:00,120.03
2012-09-30 09:00:00,248.99
2012-09-30 10:00:00,429.12
2012-09-30 11:00:00,525.6
2012-09-30 12:00:00,562.81
2012-09-30 13:00:00,569.96
2012-09-30 14:00:00,571.52
2012-09-30 15:00:00,581.42
2012-09-30 16:00:00,638.62
2012-09-30 17:00:00,594.24
2012-09-30 18:00:00,487.09
2012-09-30 19:00:00,285.12
2012-09-30 20:00:00,246.86
2012-09-30 21:00:00,168.61
2012-09-30 22:00:00,114.15
2012-09-30 23:00:00,93.86
2012-10-20 00:00:00,129.22
2012-10-20 01:00:00,111.34
2012-10-20 02:00:00,70.75
2012-10-20 03:00:00,32.34
2012-10-20 04:00:00,11.1
2012-10-20 05:00:00,10.74
2012-10-20 06:00:00,24.02
2012-10-20 07:00:00,81.87
2012-10-20 08:00:00,168.39
2012-10-20 09:00:00,346.19
2012-10-20 10:00:00,424.47
2012-10-20 11:00:00,542.53
2012-10-20 12:00:00,584.28
2012-10-20 13:00:00,607.88
2012-10-20 14:00:00,601.79
2012-10-20 15:00:00,589.06
2012-10-20 16:00:00,606.3
2012-10-20 17:00:00,585.34
2012-10-20 18:00:00,552.88
2012-10-20 19:00:00,323.8
2012-10-20 20:00:00,273.44
2012-10-20 21:00:00,200.29
2012-10-20 22:00:00,183.85
2012-10-20 23:00:00,166.13
2012-10-21 00:00:00,133.24
2012-10-21 01:00:00,113.14
2012-10-21 02:00:00,70.83
2012-10-21 03:00:00,36.74
2012-10-21 04:00:00,11.08
2012-10-21 05:00:00,10.56
2012-10-21 06:00:00,20.33
2012-10-21 07:00:00,63.78
2012-10-21 08:00:00,121.83
2012-10-21 09:00:00,220.26
2012-10-21 10:00:00,412.07
2012-10-21 11:00:00,482.66
2012-10-21 12:00:00,519.17
2012-10-21 13:00:00,532.78
2012-10-21 14:00:00,543.56
2012-10-21 15:00:00,522.52
2012-10-21 16:00:00,599.97
2012-10-21 17:00:00,549.24
2012-10-21 18:00:00,511.07
2012-10-21 19:00:00,308.03
2012-10-21 20:00:00,254.72
2012-10-21 21:00:00,130.22
2012-10-21 22:00:00,125.09
2012-10-21 23:00:00,103.2
2012-10-22 00:00:00,40.2
2012-10-22 01:00:00,17.47
2012-10-22 02:00:00,9.85
2012-10-22 03:00:00,5.73
2012-10-22 04:00:00,8.85
2012-10-22 05:00:00,38.12
2012-10-22 06:00:00,151.05
2012-10-22 07:00:00,410.3
2012-10-22 08:00:00,750.96
2012-10-22 09:00:00,331.28
2012-10-22 10:00:00,189.51
2012-10-22 11:00:00,260.07
2012-10-22 12:00:00,325.71
2012-10-22 13:00:00,308.99
2012-10-22 14:00:00,304.44
2012-10-22 15:00:00,314.26
2012-10-22 16:00:00,454.68
2012-10-22 17:00:00,893.04
2012-10-22 18:00:00,720.65
2012-10-22 19:00:00,537.92
2012-10-22 20:00:00,362.04
2012-10-22 21:00:00,224.72
2012-10-22 22:00:00,129.28
2012-10-22 23:00:00,103.53
2012-10-23 00:00:00,44.64
2012-10-23 01:00:00,14.38
2012-10-23 02:00:00,8.02
2012-10-23 03:00:00,5.82
2012-10-23 04:00:00,7.46
2012-10-23 05:00:00,42.73
2012-10-23 06:00:00,165.47
2012-10-23 07:00:00,466.18
2012-10-23 08:00:00,765.71
2012-10-23 09:00:00,365.52
2012-10-23 10:00:00,193.54
2012-10-23 11:00:00,246.62
2012-10-23 12:00:00,307.54
2012-10-23 13:00:00,292.71
2012-10-23 14:00:00,280.14
2012-10-23 15:00:00,296.88
2012-10-23 16:00:00,467.65
2012-10-23 17:00:00,898.0
2012-10-23 18:00:00,845.7
2012-10-23 19:00:00,572.88
2012-10-23 20:00:00,407.39
2012-10-23 21:00:00,265.53
2012-10-23 22:00:00,199.48
2012-10-23 23:00:00,100.69
2012-10-24 00:00:00,43.93
2012-10-24 01:00:00,15.97
2012-10-24 02:00:00,10.09
2012-10-24 03:00:00,6.56
2012-10-24 04:00:00,6.78
2012-10-24 05:00:00,43.28
2012-10-24 06:00:00,176.16
2012-10-24 07:00:00,424.53
2012-10-24 08:00:00,736.22
2012-10-24 09:00:00,368.4
2012-10-24 10:00:00,195.86
2012-10-24 11:00:00,237.66
2012-10-24 12:00:00,328.82
2012-10-24 13:00:00,314.79
2012-10-24 14:00:00,296.42
2012-10-24 15:00:00,299.0
2012-10-24 16:00:00,468.54
2012-10-24 17:00:00,890.39
2012-10-24 18:00:00,913.48
2012-10-24 19:00:00,575.93
2012-10-24 20:00:00,418.74
2012-10-24 21:00:00,274.61
2012-10-24 22:00:00,239.34
2012-10-24 23:00:00,127.52
2012-10-25 00:00:00,55.36
2012-10-25 01:00:00,20.05
2012-10-25 02:00:00,13.56
2012-10-25 03:00:00,5.39
2012-10-25 04:00:00,6.36
2012-10-25 05:00:00,41.94
2012-10-25 06:00:00,161.99
2012-10-25 07:00:00,434.44
2012-10-25 08:00:00,737.85
2012-10-25 09:00:00,361.73
2012-10-25 10:00:00,181.25
2012-10-25 11:00:00,163.63
2012-10-25 12:00:00,232.09
2012-10-25 13:00:00,228.91
2012-10-25 14:00:00,263.61
2012-10-25 15:00:00,330.32
2012-10-25 16:00:00,430.23
2012-10-25 17:00:00,769.95
2012-10-25 18:00:00,357.68
2012-10-25 19:00:00,333.61
2012-10-25 20:00:00,308.39
2012-10-25 21:00:00,258.59
2012-10-25 22:00:00,211.28
2012-10-25 23:00:00,130.51
2012-10-26 00:00:00,65.82
2012-10-26 01:00:00,24.73
2012-10-26 02:00:00,10.94
2012-10-26 03:00:00,6.21
2012-10-26 04:00:00,6.42
2012-10-26 05:00:00,40.98
2012-10-26 06:00:00,155.05
2012-10-26 07:00:00,406.73
2012-10-26 08:00:00,699.55
2012-10-26 09:00:00,363.29
2012-10-26 10:00:00,220.41
2012-10-26 11:00:00,261.52
2012-10-26 12:00:00,341.48
2012-10-26 13:00:00,359.16
2012-10-26 14:00:00,360.57
2012-10-26 15:00:00,379.49
2012-10-26 16:00:00,492.11
2012-10-26 17:00:00,595.09
2012-10-26 18:00:00,552.46
2012-10-26 19:00:00,284.49
2012-10-26 20:00:00,254.61
2012-10-26 21:00:00,249.4
2012-10-26 22:00:00,206.23
2012-10-26 23:00:00,170.36
2012-10-27 00:00:00,133.34
2012-10-27 01:00:00,112.73
2012-10-27 02:00:00,65.38
2012-10-27 03:00:00,39.57
2012-10-27 04:00:00,12.48
2012-10-27 05:00:00,17.63
2012-10-27 06:00:00,32.97
2012-10-27 07:00:00,72.19
2012-10-27 08:00:00,187.27
2012-10-27 09:00:00,348.74
2012-10-27 10:00:00,430.12
2012-10-27 11:00:00,518.29
2012-10-27 12:00:00,610.12
2012-10-27 13:00:00,634.43
2012-10-27 14:00:00,616.5
2012-10-27 15:00:00,520.4
2012-10-27 16:00:00,513.88
2012-10-27 17:00:00,554.7
2012-10-27 18:00:00,519.93
2012-10-27 19:00:00,327.42
2012-10-27 20:00:00,255.26
2012-10-27 21:00:00,221.2
2012-10-27 22:00:00,209.15
2012-10-27 23:00:00,137.02
2012-10-28 00:00:00,119.47
2012-10-28 01:00:00,113.51
2012-10-28 02:00:00,77.78
2012-10-28 03:00:00,36.22
2012-10-28 04:00:00,15.45
2012-10-28 05:00:00,18.43
2012-10-28 06:00:00,26.06
2012-10-28 07:00:00,56.16
2012-10-28 08:00:00,116.39
2012-10-28 09:00:00,242.1
2012-10-28 10:00:00,363.05
2012-10-28 11:00:00,462.09
2012-10-28 12:00:00,481.52
2012-10-28 13:00:00,479.55
2012-10-28 14:00:00,462.05
2012-10-28 15:00:00,449.25
2012-10-28 16:00:00,363.83
2012-10-28 17:00:00,259.2
2012-10-28 18:00:00,177.91
2012-10-28 19:00:00,160.64
2012-10-28 20:00:00,155.07
2012-10-28 21:00:00,112.12
2012-10-28 22:00:00,92.99
2012-10-28 23:00:00,67.93
2012-10-29 00:00:00,31.7
2012-10-30 13:00:00,187.08
2012-10-30 14:00:00,188.94
2012-10-30 15:00:00,187.47
2012-10-30 16:00:00,283.88
2012-10-30 17:00:00,424.83
2012-10-30 18:00:00,427.96
2012-10-30 19:00:00,515.03
2012-10-30 20:00:00,269.44
2012-10-30 21:00:00,182.58
2012-10-30 22:00:00,126.33
2012-10-30 23:00:00,111.82
2012-10-31 00:00:00,34.55
2012-10-31 01:00:00,15.38
2012-10-31 02:00:00,6.94
2012-10-31 03:00:00,5.37
2012-10-31 04:00:00,6.16
2012-10-31 05:00:00,33.55
2012-10-31 06:00:00,143.38
2012-10-31 07:00:00,395.35
2012-10-31 08:00:00,677.32
2012-10-31 09:00:00,328.6
2012-10-31 10:00:00,173.82
2012-10-31 11:00:00,185.89
2012-10-31 12:00:00,227.29
2012-10-31 13:00:00,222.69
2012-10-31 14:00:00,214.93
2012-10-31 15:00:00,229.82
2012-10-31 16:00:00,347.1
2012-10-31 17:00:00,573.62
2012-10-31 18:00:00,566.78
2012-10-31 19:00:00,394.55
2012-10-31 20:00:00,298.39
2012-10-31 21:00:00,201.94
2012-10-31 22:00:00,149.79
2012-10-31 23:00:00,134.55
2012-11-20 00:00:00,32.36
2012-11-20 01:00:00,15.86
2012-11-20 02:00:00,6.2
2012-11-20 03:00:00,4.65
2012-11-20 04:00:00,8.18
2012-11-20 05:00:00,37.64
2012-11-20 06:00:00,128.42
2012-11-20 07:00:00,387.42
2012-11-20 08:00:00,654.33
2012-11-20 09:00:00,342.91
2012-11-20 10:00:00,185.3
2012-11-20 11:00:00,208.0
2012-11-20 12:00:00,234.14
2012-11-20 13:00:00,242.09
2012-11-20 14:00:00,225.65
2012-11-20 15:00:00,256.82
2012-11-20 16:00:00,365.9
2012-11-20 17:00:00,549.2
2012-11-20 18:00:00,532.93
2012-11-20 19:00:00,391.95
2012-11-20 20:00:00,278.78
2012-11-20 21:00:00,191.97
2012-11-20 22:00:00,154.89
2012-11-20 23:00:00,123.44
2012-11-21 00:00:00,40.01
2012-11-21 01:00:00,14.64
2012-11-21 02:00:00,7.2
2012-11-21 03:00:00,5.33
2012-11-21 04:00:00,5.77
2012-11-21 05:00:00,29.87
2012-11-21 06:00:00,123.22
2012-11-21 07:00:00,385.26
2012-11-21 08:00:00,627.92
2012-11-21 09:00:00,326.96
2012-11-21 10:00:00,176.8
2012-11-21 11:00:00,209.96
2012-11-21 12:00:00,229.41
2012-11-21 13:00:00,236.05
2012-11-21 14:00:00,239.04
2012-11-21 15:00:00,259.24
2012-11-21 16:00:00,373.15
2012-11-21 17:00:00,572.23
2012-11-21 18:00:00,545.32
2012-11-21 19:00:00,363.77
2012-11-21 20:00:00,262.14
2012-11-21 21:00:00,192.69
2012-11-21 22:00:00,140.85
2012-11-21 23:00:00,137.4
2012-11-22 00:00:00,86.1
2012-11-22 01:00:00,60.67
2012-11-22 02:00:00,17.68
2012-11-22 03:00:00,9.54
2012-11-22 04:00:00,8.76
2012-11-22 05:00:00,21.1
2012-11-22 06:00:00,30.47
2012-11-22 07:00:00,322.05
2012-11-22 08:00:00,455.13
2012-11-22 09:00:00,289.67
2012-11-22 10:00:00,313.31
2012-11-22 11:00:00,419.42
2012-11-22 12:00:00,471.0
2012-11-22 13:00:00,475.9
2012-11-22 14:00:00,452.57
2012-11-22 15:00:00,447.38
2012-11-22 16:00:00,413.42
2012-11-22 17:00:00,540.86
2012-11-22 18:00:00,477.2
2012-11-22 19:00:00,351.63
2012-11-22 20:00:00,245.41
2012-11-22 21:00:00,184.73
2012-11-22 22:00:00,153.6
2012-11-22 23:00:00,140.75
2012-11-23 00:00:00,53.32
2012-11-23 01:00:00,24.33
2012-11-23 02:00:00,10.57
2012-11-23 03:00:00,7.18
2012-11-23 04:00:00,8.17
2012-11-23 05:00:00,29.89
2012-11-23 06:00:00,119.99
2012-11-23 07:00:00,385.68
2012-11-23 08:00:00,617.42
2012-11-23 09:00:00,327.83
2012-11-23 10:00:00,187.75
2012-11-23 11:00:00,230.7
2012-11-23 12:00:00,283.31
2012-11-23 13:00:00,304.59
2012-11-23 14:00:00,395.83
2012-11-23 15:00:00,369.74
2012-11-23 16:00:00,472.86
2012-11-23 17:00:00,677.51
2012-11-23 18:00:00,577.28
2012-11-23 19:00:00,464.79
2012-11-23 20:00:00,314.51
2012-11-23 21:00:00,200.72
2012-11-23 22:00:00,169.4
2012-11-23 23:00:00,119.11
2012-11-24 00:00:00,112.91
2012-11-24 01:00:00,100.51
2012-11-24 02:00:00,53.42
2012-11-24 03:00:00,19.19
2012-11-24 04:00:00,7.5
2012-11-24 05:00:00,7.72
2012-11-24 06:00:00,19.74
2012-11-24 07:00:00,68.71
2012-11-24 08:00:00,174.06
2012-11-24 09:00:00,227.62
2012-11-24 10:00:00,277.41
2012-11-24 11:00:00,369.35
2012-11-24 12:00:00,409.26
2012-11-24 13:00:00,427.72
2012-11-24 14:00:00,430.34
2012-11-24 15:00:00,430.11
2012-11-24 16:00:00,386.16
2012-11-24 17:00:00,342.36
2012-11-24 18:00:00,304.42
2012-11-24 19:00:00,244.77
2012-11-24 20:00:00,176.31
2012-11-24 21:00:00,143.59
2012-11-24 22:00:00,115.39
2012-11-24 23:00:00,90.21
2012-11-25 00:00:00,114.01
2012-11-25 01:00:00,111.79
2012-11-25 02:00:00,52.26
2012-11-25 03:00:00,26.16
2012-11-25 04:00:00,8.63
2012-11-25 05:00:00,9.4
2012-11-25 06:00:00,16.83
2012-11-25 07:00:00,70.38
2012-11-25 08:00:00,145.17
2012-11-25 09:00:00,196.69
2012-11-25 10:00:00,290.42
2012-11-25 11:00:00,371.24
2012-11-25 12:00:00,392.27
2012-11-25 13:00:00,385.72
2012-11-25 14:00:00,382.57
2012-11-25 15:00:00,388.94
2012-11-25 16:00:00,382.26
2012-11-25 17:00:00,322.19
2012-11-25 18:00:00,253.69
2012-11-25 19:00:00,217.08
2012-11-25 20:00:00,155.62
2012-11-25 21:00:00,108.5
2012-11-25 22:00:00,91.17
2012-11-25 23:00:00,76.33
2012-11-26 00:00:00,27.3
2012-11-26 01:00:00,18.3
2012-11-26 02:00:00,7.02
2012-11-26 03:00:00,4.86
2012-11-26 04:00:00,7.49
2012-11-26 05:00:00,33.26
2012-11-26 06:00:00,139.12
2012-11-26 07:00:00,396.25
2012-11-26 08:00:00,658.63
2012-11-26 09:00:00,299.93
2012-11-26 10:00:00,171.85
2012-11-26 11:00:00,219.35
2012-11-26 12:00:00,238.15
2012-11-26 13:00:00,234.82
2012-11-26 14:00:00,226.51
2012-11-26 15:00:00,231.76
2012-11-26 16:00:00,379.94
2012-11-26 17:00:00,570.4
2012-11-26 18:00:00,556.5
2012-11-26 19:00:00,372.84
2012-11-26 20:00:00,259.88
2012-11-26 21:00:00,182.4
2012-11-26 22:00:00,119.91
2012-11-26 23:00:00,100.83
2012-11-27 00:00:00,30.9
2012-11-27 01:00:00,16.17
2012-11-27 02:00:00,6.39
2012-11-27 03:00:00,5.08
2012-11-27 04:00:00,6.77
2012-11-27 05:00:00,29.65
2012-11-27 06:00:00,119.77
2012-11-27 07:00:00,252.05
2012-11-27 08:00:00,433.55
2012-11-27 09:00:00,324.75
2012-11-27 10:00:00,150.87
2012-11-27 11:00:00,141.68
2012-11-27 12:00:00,173.02
2012-11-27 13:00:00,173.87
2012-11-27 14:00:00,174.02
2012-11-27 15:00:00,185.08
2012-11-27 16:00:00,292.8
2012-11-27 17:00:00,515.78
2012-11-27 18:00:00,493.15
2012-11-27 19:00:00,367.74
2012-11-27 20:00:00,245.8
2012-11-27 21:00:00,163.53
2012-11-27 22:00:00,117.86
2012-11-27 23:00:00,77.7
2012-11-28 00:00:00,39.44
2012-11-28 01:00:00,24.29
2012-11-28 02:00:00,7.99
2012-11-28 03:00:00,4.55
2012-11-28 04:00:00,6.75
2012-11-28 05:00:00,33.01
2012-11-28 06:00:00,130.39
2012-11-28 07:00:00,376.58
2012-11-28 08:00:00,648.37
2012-11-28 09:00:00,331.56
2012-11-28 10:00:00,164.49
2012-11-28 11:00:00,185.8
2012-11-28 12:00:00,207.72
2012-11-28 13:00:00,222.24
2012-11-28 14:00:00,216.63
2012-11-28 15:00:00,223.28
2012-11-28 16:00:00,358.8
2012-11-28 17:00:00,554.89
2012-11-28 18:00:00,537.35
2012-11-28 19:00:00,366.62
2012-11-28 20:00:00,255.32
2012-11-28 21:00:00,188.6
2012-11-28 22:00:00,115.1
2012-11-28 23:00:00,85.08
2012-11-29 00:00:00,50.9
2012-11-29 01:00:00,18.36
2012-11-29 02:00:00,6.75
2012-11-29 04:00:00,6.11
2012-11-29 05:00:00,32.01
2012-11-29 06:00:00,138.12
2012-11-29 07:00:00,401.28
2012-11-29 08:00:00,632.02
2012-11-29 09:00:00,332.16
2012-11-29 10:00:00,164.88
2012-11-29 11:00:00,211.72
2012-11-29 12:00:00,246.13
2012-11-29 13:00:00,241.77
2012-11-29 14:00:00,227.97
2012-11-29 15:00:00,236.89
2012-11-29 16:00:00,369.68
2012-11-29 17:00:00,571.58
2012-11-29 18:00:00,551.02
2012-11-29 19:00:00,376.98
2012-11-29 20:00:00,260.44
2012-11-29 21:00:00,173.63
2012-11-29 22:00:00,140.82
2012-11-29 23:00:00,131.54
2012-11-30 00:00:00,47.41
2012-11-30 01:00:00,24.45
2012-11-30 02:00:00,10.63
2012-11-30 03:00:00,7.62
2012-11-30 04:00:00,8.08
2012-11-30 05:00:00,29.83
2012-11-30 06:00:00,118.47
2012-11-30 07:00:00,392.27
2012-11-30 08:00:00,610.08
2012-11-30 09:00:00,340.37
2012-11-30 10:00:00,182.12
2012-11-30 11:00:00,199.98
2012-11-30 12:00:00,260.45
2012-11-30 13:00:00,272.11
2012-11-30 14:00:00,263.38
2012-11-30 15:00:00,269.31
2012-11-30 16:00:00,399.96
2012-11-30 17:00:00,578.13
2012-11-30 18:00:00,521.25
2012-11-30 19:00:00,343.16
2012-11-30 20:00:00,247.68
2012-11-30 21:00:00,171.13
2012-11-30 22:00:00,147.01
2012-11-30 23:00:00,129.62
2012-12-20 00:00:00,47.39
2012-12-20 01:00:00,17.63
2012-12-20 02:00:00,8.32
2012-12-20 03:00:00,4.57
2012-12-20 04:00:00,6.58
2012-12-20 05:00:00,34.88
2012-12-20 06:00:00,135.65
2012-12-20 07:00:00,386.62
2012-12-20 08:00:00,658.76
2012-12-20 09:00:00,317.97
2012-12-20 10:00:00,168.64
2012-12-20 11:00:00,183.24
2012-12-20 12:00:00,230.63
2012-12-20 13:00:00,228.41
2012-12-20 14:00:00,219.22
2012-12-20 15:00:00,227.86
2012-12-20 16:00:00,317.87
2012-12-20 17:00:00,552.94
2012-12-20 18:00:00,535.56
2012-12-20 19:00:00,322.22
2012-12-20 20:00:00,243.86
2012-12-20 21:00:00,189.62
2012-12-20 22:00:00,110.96
2012-12-20 23:00:00,91.82
2012-12-21 00:00:00,50.06
2012-12-21 01:00:00,22.29
2012-12-21 02:00:00,11.54
2012-12-21 03:00:00,6.6
2012-12-21 04:00:00,8.35
2012-12-21 05:00:00,31.99
2012-12-21 06:00:00,111.23
2012-12-21 07:00:00,335.14
2012-12-21 08:00:00,590.57
2012-12-21 09:00:00,294.03
2012-12-21 10:00:00,183.09
2012-12-21 11:00:00,192.92
2012-12-21 12:00:00,223.35
2012-12-21 13:00:00,222.41
2012-12-21 14:00:00,217.8
2012-12-21 15:00:00,214.71
2012-12-21 16:00:00,311.1
2012-12-21 17:00:00,464.99
2012-12-21 18:00:00,441.59
2012-12-21 19:00:00,296.84
2012-12-21 20:00:00,217.1
2012-12-21 21:00:00,150.85
2012-12-21 22:00:00,116.36
2012-12-21 23:00:00,85.6
2012-12-22 00:00:00,107.78
2012-12-22 01:00:00,102.97
2012-12-22 02:00:00,51.17
2012-12-22 03:00:00,21.58
2012-12-22 04:00:00,7.73
2012-12-22 05:00:00,7.55
2012-12-22 06:00:00,13.94
2012-12-22 07:00:00,58.33
2012-12-22 08:00:00,148.24
2012-12-22 09:00:00,193.18
2012-12-22 10:00:00,249.18
2012-12-22 11:00:00,325.12
2012-12-22 12:00:00,355.6
2012-12-22 13:00:00,378.49
2012-12-22 14:00:00,376.27
2012-12-22 15:00:00,354.05
2012-12-22 16:00:00,320.25
2012-12-22 17:00:00,295.33
2012-12-22 18:00:00,240.69
2012-12-22 19:00:00,201.22
2012-12-22 20:00:00,155.74
2012-12-22 21:00:00,118.53
2012-12-22 22:00:00,96.82
2012-12-22 23:00:00,78.92
2012-12-23 00:00:00,111.61
2012-12-23 01:00:00,109.62
2012-12-23 02:00:00,52.13
2012-12-23 03:00:00,31.22
2012-12-23 04:00:00,10.33
2012-12-23 05:00:00,8.36
2012-12-23 06:00:00,10.07
2012-12-23 07:00:00,52.64
2012-12-23 08:00:00,118.51
2012-12-23 09:00:00,167.69
2012-12-23 10:00:00,246.29
2012-12-23 11:00:00,298.88
2012-12-23 12:00:00,347.74
2012-12-23 13:00:00,360.42
2012-12-23 14:00:00,382.4
2012-12-23 15:00:00,373.64
2012-12-23 16:00:00,369.05
2012-12-23 17:00:00,278.08
2012-12-23 18:00:00,236.91
2012-12-23 19:00:00,197.6
2012-12-23 20:00:00,140.29
2012-12-23 21:00:00,104.1
2012-12-23 22:00:00,95.02
2012-12-23 23:00:00,75.5
2012-12-24 00:00:00,26.83
2012-12-24 01:00:00,16.34
2012-12-24 02:00:00,6.5
2012-12-24 03:00:00,5.16
2012-12-24 05:00:00,29.82
2012-12-24 06:00:00,118.22
2012-12-24 07:00:00,350.2
2012-12-24 08:00:00,607.5
2012-12-24 09:00:00,277.28
2012-12-24 10:00:00,138.04
2012-12-24 11:00:00,143.92
2012-12-24 12:00:00,165.75
2012-12-24 13:00:00,164.27
2012-12-24 14:00:00,158.85
2012-12-24 15:00:00,165.98
2012-12-24 16:00:00,233.16
2012-12-24 17:00:00,338.35
2012-12-24 18:00:00,351.51
2012-12-24 19:00:00,285.93
2012-12-24 20:00:00,220.7
2012-12-24 21:00:00,142.49
2012-12-24 22:00:00,104.44
2012-12-24 23:00:00,72.85
2012-12-25 00:00:00,72.31
2012-12-25 01:00:00,40.82
2012-12-25 02:00:00,21.32
2012-12-25 04:00:00,8.21
2012-12-25 05:00:00,17.08
2012-12-25 06:00:00,28.42
2012-12-25 07:00:00,256.36
2012-12-25 08:00:00,391.02
2012-12-25 09:00:00,240.13
2012-12-25 10:00:00,239.93
2012-12-25 11:00:00,292.13
2012-12-25 12:00:00,328.43
2012-12-25 13:00:00,367.52
2012-12-25 14:00:00,365.62
2012-12-25 15:00:00,341.69
2012-12-25 16:00:00,321.12
2012-12-25 17:00:00,418.56
2012-12-25 18:00:00,390.74
2012-12-25 19:00:00,269.83
2012-12-25 20:00:00,193.32
2012-12-25 21:00:00,147.56
2012-12-25 22:00:00,113.51
2012-12-25 23:00:00,70.68
2012-12-26 00:00:00,37.88
2012-12-26 01:00:00,20.92
2012-12-26 02:00:00,11.56
2012-12-26 03:00:00,5.68
2012-12-26 04:00:00,8.1
2012-12-26 05:00:00,31.29
2012-12-26 06:00:00,126.12
2012-12-26 07:00:00,249.49
2012-12-26 08:00:00,412.73
2012-12-26 09:00:00,234.35
2012-12-26 10:00:00,150.92
2012-12-26 11:00:00,155.61
2012-12-26 12:00:00,162.25
2012-12-26 13:00:00,159.62
2012-12-26 14:00:00,168.79
2012-12-26 15:00:00,159.52
2012-12-26 16:00:00,231.44
2012-12-26 17:00:00,340.31
2012-12-26 18:00:00,352.59
2012-12-26 19:00:00,274.77
2012-12-26 20:00:00,208.84
2012-12-26 21:00:00,149.38
2012-12-26 22:00:00,98.3
2012-12-26 23:00:00,61.52
2012-12-27 00:00:00,40.91
2012-12-27 01:00:00,15.09
2012-12-27 02:00:00,10.56
2012-12-27 03:00:00,4.02
2012-12-27 04:00:00,6.77
2012-12-27 05:00:00,31.85
2012-12-27 06:00:00,119.07
2012-12-27 07:00:00,349.71
2012-12-27 08:00:00,595.5
2012-12-27 09:00:00,299.17
2012-12-27 10:00:00,172.88
2012-12-27 11:00:00,167.92
2012-12-27 12:00:00,182.99
2012-12-27 13:00:00,178.78
2012-12-27 14:00:00,169.54
2012-12-27 15:00:00,170.13
2012-12-27 16:00:00,274.69
2012-12-27 17:00:00,454.05
2012-12-27 18:00:00,434.89
2012-12-27 19:00:00,295.92
2012-12-27 20:00:00,212.41
2012-12-27 21:00:00,151.31
2012-12-27 22:00:00,114.98
2012-12-27 23:00:00,82.37
2012-12-28 00:00:00,52.18
2012-12-28 01:00:00,20.99
2012-12-28 02:00:00,9.94
2012-12-28 03:00:00,6.42
2012-12-28 04:00:00,7.17
2012-12-28 05:00:00,31.9
2012-12-28 06:00:00,122.73
2012-12-28 07:00:00,336.86
2012-12-28 08:00:00,575.24
2012-12-28 09:00:00,292.95
2012-12-28 10:00:00,180.38
2012-12-28 11:00:00,187.26
2012-12-28 12:00:00,213.05
2012-12-28 13:00:00,214.81
2012-12-28 14:00:00,210.11
2012-12-28 15:00:00,215.82
2012-12-28 16:00:00,322.4
2012-12-28 17:00:00,451.35
2012-12-28 18:00:00,415.63
2012-12-28 19:00:00,280.88
2012-12-28 20:00:00,200.01
2012-12-28 21:00:00,145.75
2012-12-28 22:00:00,121.58
2012-12-28 23:00:00,90.53
2012-12-29 00:00:00,102.61
2012-12-29 01:00:00,103.15
2012-12-29 02:00:00,52.89
2012-12-29 03:00:00,22.59
2012-12-29 04:00:00,8.2
2012-12-29 05:00:00,8.01
2012-12-29 06:00:00,13.91
2012-12-29 07:00:00,52.49
2012-12-29 08:00:00,138.21
2012-12-29 09:00:00,190.84
2012-12-29 10:00:00,198.72
2012-12-29 11:00:00,226.45
2012-12-29 12:00:00,244.19
2012-12-29 13:00:00,248.13
2012-12-29 14:00:00,325.38
2012-12-29 15:00:00,321.08
2012-12-29 16:00:00,316.71
2012-12-29 17:00:00,270.72
2012-12-29 18:00:00,239.22
2012-12-29 19:00:00,205.16
2012-12-29 20:00:00,166.14
2012-12-29 21:00:00,128.4
2012-12-29 22:00:00,106.08
2012-12-29 23:00:00,89.76
2012-12-30 00:00:00,114.37
2012-12-30 01:00:00,109.42
2012-12-30 02:00:00,53.21
2012-12-30 03:00:00,27.4
2012-12-30 04:00:00,7.73
2012-12-30 05:00:00,7.64
2012-12-30 06:00:00,10.74
2012-12-30 07:00:00,47.58
2012-12-30 08:00:00,114.67
2012-12-30 09:00:00,165.41
2012-12-30 10:00:00,252.13
2012-12-30 11:00:00,307.3
2012-12-30 12:00:00,340.77
2012-12-30 13:00:00,346.93
2012-12-30 14:00:00,342.18
2012-12-30 15:00:00,340.16
2012-12-30 16:00:00,312.46
2012-12-30 17:00:00,260.96
2012-12-30 18:00:00,213.62
2012-12-30 19:00:00,209.74
2012-12-30 20:00:00,137.15
2012-12-30 21:00:00,101.72
2012-12-30 22:00:00,86.94
2012-12-30 23:00:00,64.56
2012-12-31 00:00:00,27.5
2012-12-31 01:00:00,14.05
2012-12-31 02:00:00,6.48
2012-12-31 03:00:00,5.4
2012-12-31 04:00:00,7.73
2012-12-31 05:00:00,31.97
2012-12-31 06:00:00,129.32
2012-12-31 07:00:00,348.35
2012-12-31 08:00:00,569.06
2012-12-31 09:00:00,263.53
2012-12-31 10:00:00,141.0
2012-12-31 11:00:00,148.65
2012-12-31 12:00:00,159.79
2012-12-31 13:00:00,172.75
2012-12-31 14:00:00,171.42
2012-12-31 15:00:00,172.99
2012-12-31 16:00:00,271.93
2012-12-31 17:00:00,460.51
2012-12-31 18:00:00,434.78
2012-12-31 19:00:00,309.57
2012-12-31 20:00:00,223.2
2012-12-31 21:00:00,146.25
2012-12-31 22:00:00,111.33
2012-12-31 23:00:00,72.25
